Inflows,,,,(Porter),,(New,,,,,Lake,Area,Volume,Discharge,,,,,,Area equation,y = 6.972x^2 + 27.799x - 2129.2,,,R^2=0.9961
Date,Peach,Cypress,Spring,SJR,Caney,SJR,Luce,Total,,,MSL,(acre),(acre-ft),(cfs),,,,,,Volume equation,y = 232.47x^2 - 8642.9x + 83265,,,R^2=0.9994
1/1/11,25.5,51.5,43.0,50.1,18.0,37.2,30.9,256.20,,1/1/11,44.74,13070.15377,162213.62,0,,42.38,11282.33,134122.14,,,,,,
1/2/11,20.8,42.4,29.9,40.6,16.5,31.7,11.2,193.10,,1/2/11,44.74,13070.15377,162213.62,0,,42.48,-,135253,,,,,,
1/3/11,18.6,39.9,27.3,37.5,15.4,26.7,1.7,167.05,,1/3/11,44.52,12927.12743,159471.18,0,,42.58,-,136389.12,,,,,,
1/4/11,18.2,90.3,35.8,37.3,15.8,24.7,2.4,224.48,,1/4/11,44.6,12979.05892,160465.28,0,,42.68,-,137530.5,,,,,,
1/5/11,43.3,757.0,270.0,86.1,17.1,56.0,13.8,1243.30,,1/5/11,44.81,13115.80368,163091.48,0,,42.78,-,138677.14,,,,,,
1/6/11,26.9,139.0,102.0,74.5,17.5,52.7,11.3,423.90,,1/6/11,45.01,13246.60849,165614.06,3472,,42.88,-,139829.04,,,,,,
1/7/11,25,76.5,53.7,54.9,17.6,33.8,24.7,286.20,,1/7/11,44.94,13200.76336,164728.84,0,,42.98,-,140986.2,,,,,,
1/8/11,21.7,57.2,38.8,46.4,16.2,29.9,29.4,239.60,,1/8/11,44.92,13187.6773,164476.38,0,,43.08,-,142148.62,,,,,,
1/9/11,30.1,709.0,308.0,79.1,21.1,31.4,14.3,1193.00,,1/9/11,44.91,13181.13636,164076.68,0,,43.18,-,143316.29,,,,,,
1/10/11,51.2,353.0,257.0,254.0,71.2,54.5,9.4,1050.32,,1/10/11,45.11,13312.22005,166883.24,3472,,43.28,-,144489.23,,,,,,
1/11/11,53.6,139.0,147.0,150.0,41.5,50.9,7.4,589.38,,1/11/11,45.15,13338.50372,167392.38,3475,,43.38,-,145667.42,,,,,,
1/12/11,32.6,83.8,83.7,102.0,24.1,54.4,38.4,419.00,,1/12/11,44.89,13168.05867,164097.67,0,,43.48,-,146850.88,,,,,,
1/13/11,26.4,65.8,58.3,76.4,20.1,52.8,20.4,320.20,,1/13/11,44.85,13141.92002,163594.31,0,,43.58,-,148039.59,,,,,,
1/14/11,24.1,57.5,47.1,64.3,18.8,47.9,10.0,269.70,,1/14/11,44.85,13141.92002,163594.31,0,,43.68,-,149233.56,,,,,,
1/15/11,23.4,49.3,38.9,60.8,18.6,38.3,6.5,235.81,,1/15/11,44.88,13161.52192,163971.44,0,,43.78,-,150432.79,,,,,,
1/16/11,25.4,209.0,105.0,67.4,20.0,34.2,5.3,466.34,,1/16/11,44.85,13141.92002,163594.31,0,,43.88,-,151637.28,,,,,,
1/17/11,58,450.0,320.0,193.0,44.7,47.2,7.2,1120.12,,1/17/11,45.04,13266.27732,165994.34,3472,,43.98,-,152847.03,,,,,,
1/18/11,70.8,125.0,131.0,187.0,52.5,65.2,9.1,640.56,,1/18/11,45.1,13305.65262,166755.95,3472,,44.08,-,154062.04,,,,,,
1/19/11,50.4,74.6,74.8,115.0,30.6,101.0,25.2,471.60,,1/19/11,45.05,13272.83638,166121.10,3472,,44.18,-,155282.31,,,,,,
1/20/11,35.8,58.5,56.8,85.1,24.3,86.5,36.9,383.90,,1/20/11,45.05,13272.83638,166121.10,3472,,44.28,-,156507.83,,,,,,
1/21/11,31.2,49.3,42.9,72.6,22.2,58.9,18.2,295.30,,1/21/11,44.84,13135.38884,163468.60,0,,44.38,-,157738.62,,,,,,
1/22/11,29,43.9,36.2,69.0,21.5,47.1,10.6,257.30,,1/22/11,44.83,13128.85906,163342.90,0,,44.48,-,158974.66,,,,,,
1/23/11,28,43.9,32.7,64.9,20.8,40.0,7.6,237.87,,1/23/11,44.81,13115.80368,163091.48,0,,44.58,-,160215.97,,,,,,
1/24/11,59.2,722.0,183.0,97.1,22.6,68.2,31.0,1183.10,,1/24/11,44.94,13200.76336,164728.84,0,,44.68,-,161462.53,,,,,,
1/25/11,118,429.0,253.0,234.0,34.2,322.0,54.6,1444.80,,1/25/11,45.3,13437.26618,169309.03,3472,,44.78,-,162714.35,,,,,,
1/26/11,80.3,122.0,97.1,167.0,35.5,174.0,69.5,745.40,,1/26/11,45.14,13331.93071,167265.09,3472,,44.88,-,163971.44,,,,,,
1/27/11,52.6,79.4,58.1,109.0,26.6,120.0,74.5,520.20,,1/27/11,45.04,13266.27732,165994.34,3472,,44.98,-,165233.78,,,,,,
1/28/11,39.1,56.3,45.2,84.4,23.6,99.3,19.1,367.00,,1/28/11,44.98,13226.95221,165233.78,0,,45.08,-,166501.38,,,,,,
1/29/11,34.9,47.3,41.9,74.1,22.7,71.1,4.2,296.23,,1/29/11,44.97,13220.4029,165107.55,0,,45.18,-,167774.23,,,,,,
1/30/11,33.4,43.4,39.9,69.3,22.4,57.0,5.4,270.76,,1/30/11,44.9,13174.59682,164223.91,0,,45.28,-,169052.35,,,,,,
1/31/11,71.1,43.4,39.6,83.5,69.3,86.3,4.6,397.77,,1/31/11,44.93,13194.21963,164602.61,0,,45.38,-,170335.73,,,,,,
2/1/11,82.9,134.0,59.3,147.0,93.7,141.0,6.3,664.15,,2/1/11,44.98,13226.95221,165233.78,0,,45.48,-,171624.37,,,,,,
2/2/11,78.2,88.5,51.9,157.0,92.1,199.0,26.9,693.60,,2/2/11,44.73,13063.63793,162088.44,0,,45.58,-,172918.26,,,,,,
2/3/11,57.9,62.6,40.8,115.0,52.2,145.0,39.2,512.70,,2/3/11,44.72,13057.12348,161963.26,0,,45.68,-,174217.42,,,,,,
2/4/11,43.7,62.2,42.0,86.1,35.5,115.0,14.5,399.00,,2/4/11,44.72,13057.12348,161963.26,0,,45.78,-,175521.83,,,,,,
2/5/11,38.8,55.4,41.0,76.2,30.8,94.1,3.8,340.10,,2/5/11,44.7,13044.09878,161712.89,0,,45.88,-,176831.5,,,,,,
2/6/11,37,48.6,37.0,72.0,28.6,74.6,2.9,300.69,,2/6/11,44.72,13057.12348,161963.26,0,,45.98,-,178146.43,,,,,,
2/7/11,35.3,45.0,35.0,68.0,27.2,61.9,2.2,274.59,,2/7/11,44.7,13044.09878,161712.89,0,,46.08,-,179466.63,,,,,,
2/8/11,34.3,44.0,28.0,64.2,25.3,54.3,1.7,251.76,,2/8/11,44.58,12966.06768,160215.97,0,,46.18,-,180792.08,,,,,,
2/9/11,33.2,75.6,31.9,64.3,24.7,49.2,1.5,280.38,,2/9/11,44.62,12992.05574,160714.59,0,,46.28,-,182122.78,,,,,,
2/10/11,31.4,75.1,34.5,66.8,26.0,45.0,1.3,280.12,,2/10/11,44.57,12959.57415,160091.84,0,,46.38,-,183458.75,,,,,,
2/11/11,32.8,49.2,28.7,68.9,25.9,42.7,1.2,249.44,,2/11/11,44.52,12927.12743,159471.18,0,,46.48,-,184799.98,,,,,,
2/12/11,31.7,40.8,27.0,65.2,24.5,42.6,1.6,233.35,,2/12/11,44.53,12933.61398,159595.32,0,,46.58,-,186146.47,,,,,,
2/13/11,30,39.1,27.8,60.7,23.8,40.2,1.1,222.72,,2/13/11,44.51,12920.64227,159347.05,0,,46.68,-,187498.21,,,,,,
2/14/11,29.4,40.6,28.6,57.5,23.4,38.9,0.9,219.25,,2/14/11,44.51,12920.64227,159347.05,0,,46.78,-,188855.22,,,,,,
2/15/11,28.9,36.6,28.4,55.3,23.1,38.5,1.7,212.45,,2/15/11,44.53,12933.61398,159595.32,0,,46.88,-,190217.48,,,,,,
2/16/11,29.4,36.9,28.0,55.8,22.9,37.9,3.1,214.00,,2/16/11,44.51,12920.64227,159347.05,0,,46.98,-,191585.01,,,,,,
2/17/11,28.7,36.6,28.3,57.2,23.0,37.9,2.9,214.59,,2/17/11,44.55,12946.59128,159843.58,0,,47.08,-,192957.79,,,,,,
2/18/11,27.9,35.7,27.7,57.6,22.0,38.0,2.6,211.51,,2/18/11,44.58,12966.06768,160215.97,0,,47.18,-,194335.83,,,,,,
2/19/11,27.2,35.4,27.5,55.1,22.1,37.3,2.6,207.15,,2/19/11,44.58,12966.06768,160215.97,0,,47.28,-,195719.13,,,,,,
2/20/11,26.7,36.1,26.6,54.4,21.5,37.0,2.6,204.85,,2/20/11,44.59,12972.5626,160056.58,0,,47.38,-,197107.69,,,,,,
2/21/11,26.1,37.6,26.9,53.5,21.4,36.2,2.5,204.19,,2/21/11,44.55,12946.59128,159843.58,0,,47.48,-,198501.51,,,,,,
2/22/11,25.5,35.3,27.6,52.1,21.1,35.4,2.4,199.40,,2/22/11,44.61,12985.55663,160589.94,0,,47.58,-,199900.59,,,,,,
2/23/11,24.3,35.3,24.5,51.4,21.0,35.0,2.3,193.82,,2/23/11,44.57,12959.57415,160091.84,0,,47.68,-,201304.92,,,,,,
2/24/11,24.1,35.5,25.1,50.2,20.7,34.7,2.3,192.57,,2/24/11,44.58,12966.06768,160215.97,0,,47.78,-,202714.52,,,,,,
2/25/11,23.7,36.6,25.7,49.9,20.7,34.3,2.3,193.16,,2/25/11,44.62,12992.05574,160714.59,0,,47.88,-,204129.38,,,,,,
2/26/11,23.3,34.3,23.9,47.9,20.2,33.8,2.1,185.53,,2/26/11,44.58,12966.06768,160215.97,0,,47.98,-,205549.49,,,,,,
2/27/11,22.7,34.4,24.7,49.1,19.8,33.7,2.1,186.53,,2/27/11,44.57,12959.57415,160091.84,0,,48.08,-,206974.86,,,,,,
2/28/11,22.4,36.4,26.9,46.2,19.8,32.6,2.5,186.77,,2/28/11,44.63,12998.55624,160839.25,0,,48.18,-,208405.5,,,,,,
3/1/11,21.8,34.2,23.4,43.4,19.4,31.4,2.4,175.99,,3/1/11,44.51,12920.64227,159347.05,0,,48.28,-,209841.39,,,,,,
3/2/11,20.8,33.5,21.0,42.1,18.7,30.6,2.0,168.74,,3/2/11,44.45,12881.76058,158603.85,0,,48.38,-,211282.54,,,,,,
3/3/11,19.8,37.1,21.8,41.9,18.6,30.5,1.8,171.46,,3/3/11,44.43,12868.81117,158356.64,0,,48.48,-,212728.95,,,,,,
3/4/11,19.7,47.9,23.2,42.4,18.9,30.0,1.7,183.80,,3/4/11,44.48,12901.19515,158974.66,0,,48.58,-,214180.62,,,,,,
3/5/11,26.5,113.0,68.2,49.1,20.6,32.9,1.8,312.08,,3/5/11,44.47,12894.71556,158851.06,0,,48.68,-,215637.55,,,,,,
3/6/11,41,74.7,52.8,57.9,20.7,49.2,2.1,298.41,,3/6/11,44.38,12836.46206,157738.62,0,,48.78,-,217099.74,,,,,,
3/7/11,28.3,49.1,33.0,46.8,20.7,44.7,2.1,224.69,,3/7/11,44.38,12836.46206,157738.62,0,,48.88,-,218567.18,,,,,,
3/8/11,25.2,57.2,30.8,48.0,20.3,42.4,10.1,234.00,,3/8/11,44.38,12836.46206,157738.62,0,,48.98,-,220039.89,,,,,,
3/9/11,23.8,48.1,35.0,48.6,20.7,38.9,4.8,219.93,,3/9/11,44.45,12881.76058,158603.85,0,,49.08,-,221517.85,,,,,,
3/10/11,24.1,38.1,28.9,44.4,19.9,34.4,1.4,191.15,,3/10/11,44.31,12791.23186,156877.07,0,,49.18,-,223001.08,,,,,,
3/11/11,22.9,37.2,24.7,41.4,18.8,33.3,0.5,178.79,,3/11/11,44.28,12771.8684,156507.83,0,,49.28,-,224489.56,,,,,,
3/12/11,20.9,37.8,24.2,41.5,18.5,32.8,1.1,176.79,,3/12/11,44.31,12791.23186,156877.07,0,,49.38,-,225983.3,,,,,,
3/13/11,20.1,37.6,23.5,40.0,18.4,31.0,1.0,171.62,,3/13/11,44.31,12791.23186,156877.07,0,,49.48,-,227482.3,,,,,,
3/14/11,19.7,446.0,85.3,40.7,18.5,30.0,0.9,641.05,,3/14/11,44.31,12791.23186,156877.07,0,,49.58,-,228986.56,,,,,,
3/15/11,19.5,415.0,183.0,53.3,19.1,29.4,2.2,721.52,,3/15/11,44.34,12810.60786,157246.30,0,,49.68,-,230496.08,,,,,,
3/16/11,19.8,129.0,122.0,57.9,18.6,29.0,2.1,378.40,,3/16/11,44.48,12901.19515,158974.66,0,,49.78,-,232010.86,,,,,,
3/17/11,19.5,83.2,67.0,49.7,17.9,29.3,2.0,268.62,,3/17/11,44.48,12901.19515,158974.66,0,,49.88,-,233530.9,,,,,,
3/18/11,19.1,55.7,47.9,45.5,17.8,29.1,2.0,217.10,,3/18/11,44.51,12920.64227,159347.05,0,,49.98,-,235056.2,,,,,,
3/19/11,18.9,45.1,39.4,43.0,17.7,28.7,1.9,194.72,,3/19/11,44.51,12920.64227,159347.05,0,,50.08,-,236586.75,,,,,,
3/20/11,18.5,41.9,33.8,40.4,17.1,29.1,1.7,182.47,,3/20/11,44.49,12907.67613,159098.79,0,,50.18,-,238122.57,,,,,,
3/21/11,17.8,40.5,31.2,38.5,16.8,29.1,1.6,175.47,,3/21/11,44.51,12920.64227,159347.05,0,,50.28,-,239663.64,,,,,,
3/22/11,16.6,37.7,28.4,37.9,16.1,28.0,1.3,165.99,,3/22/11,44.45,12881.76058,158603.85,0,,50.38,-,241209.98,,,,,,
3/23/11,16.1,32.8,26.5,36.9,15.9,27.3,1.2,156.74,,3/23/11,44.45,12881.76058,158603.85,0,,50.48,-,242761.57,,,,,,
3/24/11,15.7,32.3,26.6,36.8,15.8,26.5,1.1,154.84,,3/24/11,44.45,12881.76058,158603.85,0,,50.58,-,244318.42,,,,,,
3/25/11,15,33.8,26.8,35.8,15.6,29.4,1.0,157.38,,3/25/11,44.44,12875.28518,158480.24,0,,50.68,-,245880.53,,,,,,
3/26/11,14.8,34.0,24.1,35.7,15.6,30.5,0.9,155.64,,3/26/11,44.44,12875.28518,158480.24,0,,50.78,-,247447.9,,,,,,
3/27/11,14.5,33.9,24.1,35.7,15.5,26.6,1.1,151.43,,3/27/11,44.44,12875.28518,158480.24,0,,50.88,-,249020.53,,,,,,
3/28/11,14.5,35.7,24.0,34.8,15.1,25.7,1.1,150.91,,3/28/11,44.38,12836.46206,157738.62,0,,50.98,-,250598.42,,,,,,
3/29/11,13.8,34.9,22.1,35.4,15.1,25.7,0.9,147.93,,3/29/11,44.34,12810.60786,157246.30,0,,51.08,-,252181.57,,,,,,
3/30/11,14.3,198.0,32.4,37.3,15.6,25.7,1.2,324.49,,3/30/11,44.38,12836.46206,157738.62,0,,51.18,-,253769.98,,,,,,
3/31/11,14.1,85.9,27.2,36.1,15.4,25.8,1.3,205.82,,3/31/11,44.35,12817.06932,157369.38,0,,51.28,-,255363.64,,,,,,
4/1/11,14,47.2,23.6,34.9,15.2,25.6,1.0,161.48,,4/1/11,44.34,12810.60786,157246.30,0,,51.38,-,256962.57,,,,,,
4/2/11,13.5,41.7,22.9,35.2,14.8,25.3,0.5,153.91,,4/2/11,44.38,12836.46206,157738.62,0,,51.48,-,258566.75,,,,,,
4/3/11,13,37.8,22.6,35.0,14.5,25.1,0.2,148.21,,4/3/11,44.35,12817.06932,157369.38,0,,51.58,-,260176.19,,,,,,
4/4/11,12.5,40.1,25.7,34.5,14.7,24.6,0.1,152.22,,4/4/11,44.28,12771.8684,156507.83,0,,51.68,-,261790.9,,,,,,
4/5/11,11.8,38.1,21.6,32.0,14.4,23.7,0.4,141.97,,4/5/11,44.19,12713.85334,155404.86,0,,51.78,-,263410.86,,,,,,
4/6/11,12.1,34.0,19.7,31.8,14.0,23.5,0.4,135.54,,4/6/11,44.16,12694.54008,155038.26,0,,51.88,-,265036.08,,,,,,
4/7/11,11.8,32.0,19.9,33.7,13.9,23.6,0.4,135.28,,4/7/11,44.18,12707.41419,155282.31,0,,51.98,-,266666.56,,,,,,
4/8/11,12,33.6,23.7,34.3,14.1,23.5,0.4,141.63,,4/8/11,44.14,12681.67155,154794.20,0,,52.08,-,268302.3,,,,,,
4/9/11,11.4,35.0,22.1,32.9,14.0,23.5,0.4,139.30,,4/9/11,44.14,12681.67155,154794.20,0,,52.18,-,269943.3,,,,,,
4/10/11,10.9,35.7,20.9,32.2,13.7,23.5,0.4,137.25,,4/10/11,44.07,12636.67561,153940.54,0,,52.28,-,271589.55,,,,,,
4/11/11,10.4,43.9,23.7,32.6,14.0,23.3,0.3,148.24,,4/11/11,44.07,12636.67561,153940.54,0,,52.38,-,273241.07,,,,,,
4/12/11,9.85,43.0,22.6,32.5,13.6,22.7,0.3,144.57,,4/12/11,44.05,12623.83218,153697.54,0,,52.48,-,274897.85,,,,,,
4/13/11,9.38,32.2,19.7,32.5,12.7,22.2,0.3,129.00,,4/13/11,43.95,12559.69868,152484.11,0,,52.58,-,276559.88,,,,,,
4/14/11,9.38,31.3,19.2,32.0,12.7,22.1,0.3,126.97,,4/14/11,44.02,12604.57749,153333.03,0,,52.68,-,278227.17,,,,,,
4/15/11,9.03,32.2,20.9,31.2,12.7,21.9,0.3,128.23,,4/15/11,43.97,12572.51422,152726.06,0,,52.78,-,279899.73,,,,,,
4/16/11,9.02,29.9,18.4,30.0,12.3,21.3,0.3,121.17,,4/16/11,43.84,12489.31288,151155.48,0,,52.88,-,281577.54,,,,,,
4/17/11,8.97,30.1,16.2,29.3,12.1,21.0,0.2,117.90,,4/17/11,43.82,12476.53359,150914.59,0,,52.98,-,283260.61,,,,,,
4/18/11,8.5,33.3,18.3,29.3,11.9,21.1,0.2,122.62,,4/18/11,43.81,12470.14604,150541.71,0,,53.08,-,284948.94,,,,,,
4/19/11,8.38,34.2,20.3,30.4,12.1,21.2,0.2,126.76,,4/19/11,43.77,12444.60977,150312.87,0,,53.18,-,286642.53,,,,,,
4/20/11,8.34,33.5,20.1,30.2,11.7,20.7,0.2,124.71,,4/20/11,43.74,12425.47221,149684.88,0,,,,,,,,,,
4/21/11,8.28,36.9,20.8,29.8,10.9,19.8,0.2,126.65,,4/21/11,43.72,12412.7208,149713.25,0,,,,,,,,,,
4/22/11,8.19,33.6,21.0,30.5,10.6,20.5,0.1,124.53,,4/22/11,43.67,12380.8667,146810.84,0,,,,,,,,,,
4/23/11,8.22,32.6,20.1,30.0,10.6,20.7,0.1,122.33,,4/23/11,43.62,12349.04746,148517.18,0,,,,,,,,,,
4/24/11,7.9,33.1,18.9,29.0,10.0,22.0,0.1,120.98,,4/24/11,43.58,12323.61716,148039.59,0,,,,,,,,,,
4/25/11,7.84,33.8,19.3,28.6,9.7,20.1,0.1,119.43,,4/25/11,43.62,12349.04746,148517.18,0,,,,,,,,,,
4/26/11,7.89,34.8,19.6,28.3,10.8,19.9,0.2,121.47,,4/26/11,43.51,12279.16783,147207.49,0,,,,,,,,,,
4/27/11,11.9,33.7,20.4,28.1,15.1,30.1,0.2,139.46,,4/27/11,43.48,12260.13903,146850.88,0,,,,,,,,,,
4/28/11,18.5,30.0,17.9,26.4,12.2,40.8,0.1,145.92,,4/28/11,43.42,12222.11908,146140.80,0,,,,,,,,,,
4/29/11,10.6,29.5,17.7,26.0,10.2,33.4,6.3,133.71,,4/29/11,43.34,12171.5039,145196.14,0,,,,,,,,,,
4/30/11,8,30.3,17.4,26.0,10.4,25.8,2.2,120.10,,4/30/11,43.38,12196.80034,145667.42,0,,,,,,,,,,
5/1/11,7.62,30.9,18.1,26.7,11.1,22.5,0.3,117.22,,5/1/11,43.35,12177.82592,145313.96,0,,,,,,,,,,
5/2/11,7.57,33.0,19.8,26.8,11.1,20.8,0.1,119.17,,5/2/11,43.28,12133.60108,144489.23,0,,,,,,,,,,
5/3/11,7.39,31.0,20.1,26.2,11.0,19.9,0.4,116.00,,5/3/11,43.32,12158.86405,144960.51,0,,,,,,,,,,
5/4/11,7.07,29.9,16.2,26.7,10.7,19.3,0.5,110.39,,5/4/11,43.12,12032.77232,142615.69,0,,,,,,,,,,
5/5/11,6.56,29.5,15.0,27.7,10.8,19.3,0.4,109.27,,5/5/11,43.12,12032.77232,142615.69,0,,,,,,,,,,
5/6/11,6.33,29.4,16.9,27.7,10.6,18.9,0.3,110.12,,5/6/11,43.09,12013.90666,142265.39,0,,,,,,,,,,
5/7/11,6.3,29.9,18.1,27.2,10.4,18.4,0.2,110.50,,5/7/11,43.06,11995.05356,141916.14,0,,,,,,,,,,
5/8/11,6.27,31.0,17.9,25.9,9.7,17.8,0.1,108.66,,5/8/11,43.01,11963.65961,141334.93,0,,,,,,,,,,
5/9/11,6.09,32.7,18.9,24.3,9.1,17.7,0.1,108.95,,5/9/11,42.95,11926.03288,140639.05,0,,,,,,,,,,
5/10/11,6.06,35.2,19.9,23.1,8.9,17.2,0.1,110.49,,5/10/11,42.91,11900.97628,140176.19,0,,,,,,,,,,
5/11/11,5.92,38.1,20.5,21.7,8.7,16.9,0.1,111.91,,5/11/11,42.89,11888.45635,139944.76,0,,,,,,,,,,
5/12/11,5.9,89.3,27.4,24.2,10.4,17.3,0.1,174.59,,5/12/11,42.88,11882.19848,139829.04,0,,,,,,,,,,
5/13/11,6.08,188.0,68.5,37.2,12.7,17.1,0.1,329.66,,5/13/11,42.89,11888.45635,139944.76,0,,,,,,,,,,
5/14/11,6.18,59.9,36.5,49.9,13.0,18.3,0.1,183.84,,5/14/11,42.89,11888.45635,139944.76,0,,,,,,,,,,
5/15/11,6.22,36.9,23.7,27.7,10.6,17.7,0.1,122.87,,5/15/11,42.79,11825.94036,138792.33,0,,,,,,,,,,
5/16/11,6.1,34.3,19.6,22.4,9.7,17.2,0.0,109.35,,5/16/11,42.79,11825.94036,138792.33,0,,,,,,,,,,
5/17/11,6.23,31.6,16.8,20.4,9.0,16.1,0.0,100.14,,5/17/11,42.67,11751.10522,137416.36,0,,,,,,,,,,
5/18/11,6.01,30.7,16.1,19.6,9.2,15.1,0.0,96.74,,5/18/11,42.69,11763.5638,137645.16,0,,,,,,,,,,
5/19/11,5.69,29.9,16.9,19.6,9.4,14.7,0.0,96.16,,5/19/11,42.69,11763.5638,137645.16,0,,,,,,,,,,
5/20/11,5.69,30.8,19.8,20.1,9.6,14.6,0.0,100.63,,5/20/11,42.63,11726.2048,136959.81,0,,,,,,,,,,
5/21/11,5.85,32.0,21.2,20.1,9.6,14.7,0.0,103.42,,5/21/11,42.62,11719.98318,136845.67,0,,,,,,,,,,
5/22/11,5.75,31.8,20.8,20.9,10.0,15.4,0.0,104.65,,5/22/11,42.56,11682.68274,136161.90,0,,,,,,,,,,
5/23/11,5.94,32.6,20.5,19.9,9.4,15.1,0.0,103.47,,5/23/11,42.53,11664.05134,135821.06,0,,,,,,,,,,
5/24/11,5.68,32.6,19.8,18.5,8.7,13.9,0.0,99.17,,5/24/11,42.5,11645.4325,135480.22,0,,,,,,,,,,
5/25/11,5.42,31.3,18.6,18.0,8.5,13.8,0.0,95.60,,5/25/11,42.46,11620.6269,135026.83,0,,Calculated Area,Difference,,,,,,,
5/26/11,5.53,31.9,20.5,17.3,8.1,13.3,0.0,96.66,,5/26/11,42.38,11282.33,134122.14,0,,11571.08,288.75,,,,,,,
5/27/11,5.25,29.2,16.9,16.1,8.0,14.1,0.0,89.55,,5/27/11,42.32,11250.77,133446.14,0,,11533.98,283.21,,,,,,,
5/28/11,5.17,26.8,16.4,15.2,7.9,14.2,0.0,85.62,,5/28/11,42.26,11219.22,132772.04,0,,11496.93,277.71,,,,,,,
5/29/11,5.44,28.1,16.4,14.8,7.7,12.8,0.0,85.25,,5/29/11,42.21,11192.92,132211.74,0,,11466.10,273.18,,,,,,,
5/30/11,5.22,25.3,17.0,14.8,8.6,12.4,0.0,83.31,,5/30/11,42.19,11182.41,131987.99,0,,11453.77,271.36,,,,,,,
5/31/11,5.05,27.4,17.7,14.3,8.5,11.8,0.0,84.74,,5/31/11,42.16,11166.63,131652.75,0,,11435.30,268.67,,,,,,,
6/1/11,4.96,27.7,17.8,14.3,8.5,11.0,0.0,84.24,,6/1/11,42.06,11114.04,130538.72,0,,11373.80,259.76,,,,,,,
6/2/11,5.2,26.2,17.3,13.9,8.4,10.5,0.0,81.53,,6/2/11,42.02,11093,130094.58,0,,11349.24,256.24,,,,,,,
6/3/11,5.11,24.8,17.2,13.8,8.3,10.1,0.0,79.26,,6/3/11,42,11082.48,129872.82,0,,11336.97,254.49,,,,,,,
6/4/11,5.07,24.6,15.7,12.5,8.3,9.8,0.0,75.97,,6/4/11,41.89,11024.64,128656.93,0,,11269.57,244.93,,,,,,,
6/5/11,5.02,27.3,15.9,12.2,8.2,9.7,0.0,78.26,,6/5/11,41.86,11008.86,128326.43,0,,11251.22,242.36,,,,,,,
6/6/11,5.01,36.2,23.9,12.9,8.8,9.6,0.0,96.43,,6/6/11,41.88,11019.38,128546.71,0,,11263.45,244.07,,,,,,,
6/7/11,5.07,32.0,35.6,13.9,9.3,9.5,0.0,105.28,,6/7/11,41.8,10977.3,127666.84,0,,11214.56,237.26,,,,,,,
6/8/11,5.03,32.5,28.8,13.0,9.3,9.3,0.0,97.91,,6/8/11,41.79,10972.05,127557.10,0,,11208.45,236.40,,,,,,,
6/9/11,4.95,29.4,20.6,12.2,9.1,9.1,0.0,85.35,,6/9/11,41.75,10951.01,127118.64,0,,11184.04,233.03,,,,,,,
6/10/11,4.98,30.4,18.5,12.2,9.1,8.9,0.0,84.13,,6/10/11,41.7,10924.71,126571.74,0,,11153.56,228.85,,,,,,,
6/11/11,5.15,30.4,17.0,12.2,9.1,9.0,0.0,82.82,,6/11/11,41.63,10887.9,125808.30,0,,11110.95,223.05,,,,,,,
6/12/11,5,28.7,16.4,12.2,8.9,8.7,0.0,79.88,,6/12/11,41.56,10851.09,125047.44,0,,11068.40,217.31,,,,,,,
6/13/11,4.96,30.3,16.5,11.4,8.8,8.3,0.0,80.32,,6/13/11,41.53,10835.31,124722.14,0,,11050.19,214.88,,,,,,,
6/14/11,4.83,31.1,17.1,11.0,9.0,8.5,0.0,81.47,,6/14/11,41.46,10798.5,123964.96,0,,11007.74,209.24,,,,,,,
6/15/11,4.62,30.8,17.2,11.0,8.9,8.3,0.0,80.80,,6/15/11,41.43,10782.72,123641.24,0,,10989.57,206.85,,,,,,,
6/16/11,4.65,31.4,16.6,11.3,8.9,8.1,0.0,80.97,,6/16/11,41.33,10730.13,122565.60,0,,10929.09,198.96,,,,,,,
6/17/11,4.82,30.3,17.6,11.0,8.4,7.8,0.0,79.95,,6/17/11,41.33,10730.13,122565.60,0,,10929.09,198.96,,,,,,,
6/18/11,4.75,29.4,16.7,10.9,8.3,7.6,0.0,77.60,,6/18/11,41.22,10672.28,121388.46,0,,10862.72,190.44,,,,,,,
6/19/11,4.69,29.0,16.9,10.5,8.3,7.2,0.0,76.64,,6/19/11,41.16,10640.73,120749.07,0,,10826.59,185.86,,,,,,,
6/20/11,4.38,30.6,17.0,10.6,8.3,6.0,0.0,76.84,,6/20/11,41.06,10588.14,119687.63,0,,10766.49,178.35,,,,,,,
6/21/11,4.06,30.6,16.8,10.7,8.4,6.2,0.0,76.70,,6/21/11,41.02,10567.1,119264.53,0,,10742.48,175.38,,,,,,,
6/22/11,4.85,422.0,106.0,14.5,10.0,7.6,0.0,564.90,,6/22/11,40.95,10530.29,118526.12,0,,10700.53,170.24,,,,,,,
6/23/11,4.99,377.0,164.0,60.1,16.1,8.6,0.1,630.80,,6/23/11,41.09,10603.91,120005.51,0,,10784.50,180.59,,,,,,,
6/24/11,6.8,159.0,59.3,50.7,13.5,8.8,0.0,298.12,,6/24/11,41.22,10672.28,121388.46,0,,10862.72,190.44,,,,,,,
6/25/11,6.3,69.8,34.4,24.6,10.6,11.5,0.0,157.20,,6/25/11,41.3,10714.35,122243.93,0,,10910.97,196.62,,,,,,,
6/26/11,5.66,50.9,27.9,19.0,9.8,13.8,0.0,127.08,,6/26/11,41.26,10693.32,121815.78,0,,10886.83,193.51,,,,,,,
6/27/11,5.17,43.9,23.7,16.8,9.3,12.7,0.0,111.61,,6/27/11,41.18,10651.25,120961.99,0,,10838.63,187.38,,,,,,,
6/28/11,4.8,39.1,22.6,15.3,9.0,10.7,0.0,101.54,,6/28/11,41.12,10619.69,120323.87,0,,10802.53,182.84,,,,,,,
6/29/11,4.69,34.9,22.2,14.8,8.7,9.7,0.0,94.95,,6/29/11,41.05,10582.88,119581.78,0,,10760.48,177.60,,,,,,,
6/30/11,4.61,33.5,21.1,14.3,8.4,8.9,0.0,90.77,,6/30/11,41.03,10572.36,119370.22,0,,10748.48,176.12,,,,,,,
7/1/11,4.59,32.0,19.6,13.7,8.1,8.3,0.0,86.30,,7/1/11,40.97,10540.81,118736.83,0,,10712.51,171.70,,,,,,,
7/2/11,4.88,55.3,196.0,13.9,8.2,7.8,0.0,285.99,,7/2/11,40.89,10498.73,117895.25,0,,10664.63,165.90,,,,,,,
7/3/11,4.98,87.4,238.0,21.3,7.9,7.4,0.0,366.99,,7/3/11,40.83,10467.18,117266.27,0,,10628.78,161.60,,,,,,,
7/4/11,4.53,39.8,57.0,20.6,7.6,7.7,0.0,137.22,,7/4/11,40.97,10540.81,118736.83,0,,10712.51,171.70,,,,,,,
7/5/11,4.43,35.0,35.4,17.3,7.7,7.9,0.0,107.71,,7/5/11,40.97,10540.81,118736.83,0,,10712.51,171.70,,,,,,,
7/6/11,4.78,34.2,31.4,21.2,8.5,8.2,0.0,108.31,,7/6/11,40.89,10498.73,117895.25,0,,10664.63,165.90,,,,,,,
7/7/11,4.88,34.4,31.7,25.4,8.4,9.9,0.0,114.69,,7/7/11,40.93,10519.77,118315.62,0,,10688.56,168.79,,,,,,,
7/8/11,4.67,33.0,25.3,22.4,8.0,13.3,0.0,106.65,,7/8/11,40.9,10503.99,118000.26,0,,10670.61,166.62,,,,,,,
7/9/11,4.83,32.0,22.3,15.3,7.4,11.7,0.0,93.54,,7/9/11,40.86,10482.96,117580.52,0,,10646.70,163.74,,,,,,,
7/10/11,4.7,42.9,23.2,13.2,7.0,8.9,0.0,99.89,,7/10/11,40.8,10451.4,116952.49,0,,10610.87,159.47,,,,,,,
7/11/11,4.45,44.4,35.3,12.7,7.2,7.7,0.0,111.76,,7/11/11,40.73,10414.59,116222.18,0,,10569.13,154.54,,,,,,,
7/12/11,4.25,43.0,29.8,12.5,7.1,7.2,0.0,103.92,,7/12/11,40.7,10398.81,115909.98,0,,10551.27,152.46,,,,,,,
7/13/11,4.22,56.2,25.9,12.1,7.1,6.8,0.0,112.29,,7/13/11,40.63,10362,115183.35,0,,10509.63,147.63,,,,,,,
7/14/11,4.07,42.8,25.3,12.0,6.7,6.4,0.0,97.28,,7/14/11,40.57,10330.45,114562.58,0,,10473.99,143.54,,,,,,,
7/15/11,4.11,34.7,23.0,11.8,9.2,6.2,0.0,88.99,,7/15/11,40.56,10325.19,114459.30,0,,10468.06,142.87,,,,,,,
7/16/11,5.22,33.2,23.2,12.9,12.7,6.1,0.0,93.33,,7/16/11,40.5,10293.63,113840.73,0,,10432.48,138.85,,,,,,,
7/17/11,5.45,35.8,39.1,13.8,9.6,6.7,0.0,110.43,,7/17/11,40.43,10256.82,113121.47,0,,10391.04,134.22,,,,,,,
7/18/11,7.32,54.6,34.6,14.7,8.9,7.5,0.0,127.59,,7/18/11,40.38,10230.53,112609.29,0,,10361.48,130.95,,,,,,,
7/19/11,7.73,90.4,45.0,16.2,9.8,11.1,0.6,180.82,,7/19/11,40.37,10225.27,112507.01,0,,10355.57,130.30,,,,,,,
7/20/11,14.5,83.6,87.5,20.3,16.3,10.8,0.3,233.29,,7/20/11,40.5,10293.63,113840.73,0,,10432.48,138.85,,,,,,,
7/21/11,25.3,70.7,51.6,27.1,11.6,51.2,0.0,237.52,,7/21/11,40.46,10272.6,113429.41,0,,10408.79,136.19,,,,,,,
7/22/11,14.7,41.3,38.3,20.6,9.5,54.2,0.0,178.56,,7/22/11,40.48,10283.12,113634.97,0,,10420.63,137.51,,,,,,,
7/23/11,10.1,55.1,33.5,15.9,7.6,24.8,0.0,147.02,,7/23/11,40.53,10309.41,114149.78,0,,10450.26,140.85,,,,,,,
7/24/11,8.24,42.0,28.1,14.0,7.1,16.7,0.0,116.09,,7/24/11,40.5,10293.63,113840.73,0,,10432.48,138.85,,,,,,,
7/25/11,7.41,36.9,27.4,13.8,7.8,13.0,0.0,106.30,,7/25/11,40.46,10272.6,113429.41,0,,10408.79,136.19,,,,,,,
7/26/11,7.11,256.0,71.1,17.1,8.7,12.2,0.0,372.16,,7/26/11,40.43,10256.82,113121.47,0,,10391.04,134.22,,,,,,,
7/27/11,6.53,64.9,34.9,30.9,8.4,10.3,0.0,155.93,,7/27/11,40.4,10241.04,112814.00,0,,10373.30,132.26,,,,,,,
7/28/11,6.53,53.3,33.2,22.0,8.1,9.9,0.0,132.98,,7/28/11,40.36,10220.01,112404.78,0,,10349.66,129.65,,,,,,,
7/29/11,6.9,47.0,26.9,17.0,7.9,11.7,0.0,117.38,,7/29/11,40.33,10204.23,112098.42,0,,10331.95,127.72,,,,,,,
7/30/11,6.38,84.2,36.2,15.0,7.7,9.6,0.0,158.98,,7/30/11,40.3,10188.45,111792.53,0,,10314.26,125.81,,,,,,,
7/31/11,5.77,47.5,44.8,14.1,7.4,8.8,0.0,128.33,,7/31/11,40.27,10172.68,111487.11,0,,10296.57,123.89,,,,,,,
8/1/11,5.6,36.0,34.5,13.3,6.8,8.2,0.0,104.44,,8/1/11,40.19,10130.6,110674.98,0,,10249.47,118.87,,,,,,,
8/2/11,5.53,34.8,26.9,12.9,6.5,7.8,0.0,94.41,,8/2/11,40.13,10099.05,110068.09,0,,10214.20,115.15,,,,,,,
8/3/11,5.04,33.1,25.2,12.6,6.6,7.2,0.0,89.69,,8/3/11,40.09,10078.01,109664.55,0,,10190.72,112.71,,,,,,,
8/4/11,4.56,31.6,23.5,12.6,6.7,6.7,0.0,85.64,,8/4/11,40,10030.68,108759.66,0,,10137.96,107.28,,,,,,,
8/5/11,4.27,30.8,22.9,12.5,6.8,6.2,0.0,83.49,,8/5/11,39.93,9993.87,108058.80,0,,10097.01,103.14,,,,,,,
8/6/11,4.05,29.8,21.2,12.2,6.9,5.9,0.0,79.98,,8/6/11,39.89,9972.83,107659.46,0,,10073.63,100.80,,,,,,,
8/7/11,3.84,29.4,17.0,11.4,6.6,5.6,0.0,73.86,,8/7/11,39.8,9925.5,106764.04,0,,10021.13,95.63,,,,,,,
8/8/11,3.68,29.8,18.1,11.4,6.6,5.1,0.0,74.66,,8/8/11,39.73,9888.69,106070.54,0,,9980.37,91.68,,,,,,,
8/9/11,3.45,30.1,17.0,11.5,6.5,4.4,0.0,72.95,,8/9/11,39.67,9857.14,105478.17,0,,9945.48,88.34,,,,,,,
8/10/11,3.33,30.5,17.6,11.2,6.3,4.2,0.0,73.12,,8/10/11,39.6,9820.32,104789.45,0,,9904.85,84.53,,,,,,,
8/11/11,3.41,29.8,16.8,11.3,6.6,3.9,0.0,71.82,,8/11/11,39.55,9794.03,104299.10,0,,9875.87,81.84,,,,,,,
8/12/11,3.33,30.4,17.5,11.8,6.4,3.8,0.0,73.24,,8/12/11,39.47,9751.96,103517.26,0,,9829.57,77.61,,,,,,,
8/13/11,3.11,30.1,17.0,11.9,6.7,3.6,0.0,72.39,,8/13/11,39.38,9704.62,102641.71,0,,9777.59,72.97,,,,,,,
8/14/11,3.44,35.4,17.2,12.2,6.3,3.4,0.0,77.96,,8/14/11,39.34,9683.59,102253.95,0,,9754.53,70.94,,,,,,,
8/15/11,3.44,79.4,44.1,12.9,6.6,4.5,0.0,150.85,,8/15/11,39.34,9683.59,102253.95,0,,9754.53,70.94,,,,,,,
8/16/11,3.11,50.2,31.7,14.6,6.5,3.9,0.0,110.00,,8/16/11,39.24,9631,101288.22,0,,9696.96,65.96,,,,,,,
8/17/11,3,36.1,22.2,13.2,6.4,3.4,0.0,84.29,,8/17/11,39.2,9609.96,100903.40,0,,9673.97,64.01,,,,,,,
8/18/11,2.87,32.6,17.0,14.3,6.1,3.2,0.0,76.04,,8/18/11,39.13,9573.15,100231.99,0,,9633.80,60.65,,,,,,,
8/19/11,2.96,31.0,15.3,53.0,6.3,2.7,0.0,111.28,,8/19/11,39.06,9536.34,99563.16,0,,9593.69,57.35,,,,,,,
8/20/11,2.74,30.8,15.2,158.0,6.7,3.1,0.0,216.58,,8/20/11,39,9504.78,98991.92,0,,9559.37,54.59,,,,,,,
8/21/11,2.66,31.3,14.7,211.0,6.4,3.3,0.0,269.37,,8/21/11,38.94,9473.23,98422.58,0,,9525.10,51.87,,,,,,,
8/22/11,2.52,33.2,14.5,218.0,6.0,3.6,0.0,277.83,,8/22/11,39,9504.78,98991.92,0,,9559.37,54.59,,,,,,,
8/23/11,2.49,32.0,14.0,220.0,6.0,3.1,0.0,277.60,,8/23/11,38.94,9473.23,98422.58,0,,9525.10,51.87,,,,,,,
8/24/11,2.47,31.2,13.6,230.0,6.0,2.3,0.0,285.63,,8/24/11,38.93,9467.97,98327.88,0,,9519.39,51.42,,,,,,,
8/25/11,2.46,234.0,25.9,236.0,7.2,2.8,0.0,508.32,,8/25/11,38.94,9473.23,98422.58,0,,9525.10,51.87,,,,,,,
8/26/11,2.61,126.0,43.6,259.0,6.7,2.5,0.0,440.32,,8/26/11,39,9504.78,98991.92,0,,9559.37,54.59,,,,,,,
8/27/11,3.36,53.3,24.0,236.0,6.5,2.5,0.0,325.62,,8/27/11,39.01,9510.04,99087.00,0,,9565.09,55.05,,,,,,,
8/28/11,3.99,39.8,17.8,228.0,5.9,3.2,0.0,298.72,,8/28/11,39.01,9510.04,99087.00,0,,9565.09,55.05,,,,,,,
8/29/11,3.26,35.9,16.5,223.0,5.7,5.5,0.0,289.90,,8/29/11,38.97,9489,98707.02,0,,9542.23,53.23,,,,,,,
8/30/11,2.73,33.6,14.6,224.0,5.6,6.0,0.0,286.50,,8/30/11,38.98,9494.26,98801.93,0,,9547.94,53.68,,,,,,,
8/31/11,2.43,31.3,13.9,225.0,5.4,5.1,0.0,283.09,,8/31/11,38.99,9499.52,98896.90,0,,9553.66,54.14,,,,,,,
9/1/11,2.35,29.9,14.4,222.0,5.5,4.2,0.0,278.38,,9/1/11,38.97,9489,98707.02,0,,9542.23,53.23,,,,,,,
9/2/11,2.32,30.8,14.2,218.0,6.1,3.5,0.0,274.86,,9/2/11,39.01,9510.04,99087.00,0,,9565.09,55.05,,,,,,,
9/3/11,2.17,30.8,14.2,223.0,6.0,2.9,0.0,279.05,,9/3/11,39.05,9531.08,99467.82,0,,9587.97,56.89,,,,,,,
9/4/11,2.2,32.0,14.6,225.0,6.0,3.2,0.0,282.96,,9/4/11,39.08,9546.85,99753.99,0,,9605.15,58.30,,,,,,,
9/5/11,2.39,30.5,12.2,221.0,6.2,2.8,0.0,275.11,,9/5/11,39.01,9510.04,99087.00,0,,9565.09,55.05,,,,,,,
9/6/11,2.22,30.8,10.7,214.0,6.3,2.8,0.0,266.80,,9/6/11,38.83,9415.38,97383.71,0,,9462.40,47.02,,,,,,,
9/7/11,2.25,29.6,10.0,211.0,6.1,2.9,0.0,261.82,,9/7/11,38.81,9404.86,97195.51,0,,9451.02,46.16,,,,,,,
9/8/11,3.06,28.4,10.0,217.0,5.9,2.8,0.0,267.11,,9/8/11,38.78,9389.08,96913.60,0,,9433.96,44.88,,,,,,,
9/9/11,3,28.1,10.6,216.0,5.8,2.9,0.0,266.41,,9/9/11,38.82,9410.12,97289.58,0,,9456.71,46.59,,,,,,,
9/10/11,2.49,27.2,11.5,212.0,6.2,3.1,0.0,262.43,,9/10/11,38.98,9494.26,98801.93,0,,9547.94,53.68,,,,,,,
9/11/11,2.21,28.2,12.3,211.0,6.2,3.0,0.0,262.90,,9/11/11,38.98,9494.26,98801.93,0,,9547.94,53.68,,,,,,,
9/12/11,2.09,30.9,13.9,213.0,5.8,3.1,0.0,268.82,,9/12/11,38.85,9425.9,97572.12,0,,9473.79,47.89,,,,,,,
9/13/11,1.96,32.3,13.9,212.0,5.3,2.9,0.0,268.40,,9/13/11,38.87,9436.41,97760.75,0,,9485.18,48.77,,,,,,,
9/14/11,1.94,29.0,13.4,219.0,4.6,2.9,0.0,270.79,,9/14/11,38.88,9441.67,97855.14,0,,9490.88,49.21,,,,,,,
9/15/11,1.83,27.9,13.4,217.0,4.5,2.6,0.0,267.28,,9/15/11,38.85,9425.9,97572.12,0,,9473.79,47.89,,,,,,,
9/16/11,1.75,28.3,12.6,212.0,4.6,2.8,0.0,262.09,,9/16/11,38.78,9389.08,96913.60,0,,9433.96,44.88,,,,,,,
9/17/11,1.85,143.0,15.1,212.0,4.8,3.3,0.0,380.12,,9/17/11,38.8,9399.6,97101.48,0,,9445.33,45.73,,,,,,,
9/18/11,1.97,125.0,26.5,214.0,5.6,3.8,0.0,376.86,,9/18/11,38.91,9457.45,98138.62,0,,9507.98,50.53,,,,,,,
9/19/11,2.82,255.0,67.6,223.0,7.3,5.3,0.0,561.02,,9/19/11,38.94,9473.23,98422.58,0,,9525.10,51.87,,,,,,,
9/20/11,3.26,121.0,66.0,247.0,9.0,5.4,0.0,451.66,,9/20/11,39.1,9557.37,99945.03,0,,9616.60,59.23,,,,,,,
9/21/11,4.23,55.8,30.7,225.0,7.7,8.8,0.0,332.22,,9/21/11,39.17,9594.19,100615.34,0,,9656.75,62.56,,,,,,,
9/22/11,5.15,43.3,20.7,216.0,6.5,10.5,0.0,302.13,,9/22/11,39.21,9615.22,100999.52,0,,9679.72,64.50,,,,,,,
9/23/11,4.05,36.1,17.2,210.0,6.2,12.2,0.0,285.73,,9/23/11,39.24,9631,101288.22,0,,9696.96,65.96,,,,,,,
9/24/11,3.43,33.3,14.9,208.0,5.9,11.7,0.0,277.27,,9/24/11,39.14,9578.41,100327.75,0,,9639.54,61.13,,,,,,,
9/25/11,3.17,32.7,14.8,211.0,5.5,9.2,0.0,276.30,,9/25/11,39.24,9631,101288.22,0,,9696.96,65.96,,,,,,,
9/26/11,2.93,33.4,15.8,211.0,5.4,7.8,0.0,276.37,,9/26/11,39.27,9646.78,101577.38,0,,9714.22,67.44,,,,,,,
9/27/11,2.94,33.9,15.8,210.0,5.5,7.0,0.0,275.21,,9/27/11,39.21,9615.22,100999.52,0,,9679.72,64.50,,,,,,,
9/28/11,2.82,62.8,15.1,209.0,5.6,6.6,0.0,301.87,,9/28/11,39.22,9620.48,101095.70,0,,9685.47,64.99,,,,,,,
9/29/11,2.64,120.0,21.4,210.0,6.3,6.7,0.0,366.98,,9/29/11,39.24,9631,101288.22,0,,9696.96,65.96,,,,,,,
9/30/11,2.65,92.4,21.2,217.0,6.2,6.5,0.0,345.98,,9/30/11,39.18,9599.44,100711.30,0,,9662.49,63.05,,,,,,,
10/1/11,2.51,60.3,14.8,213.0,6.9,6.0,0.0,303.42,,10/1/11,39.15,9583.67,100423.56,0,,9645.27,61.60,,,,,,,
10/2/11,2.65,37.4,12.4,204.0,6.6,5.6,0.0,268.61,,10/2/11,39.24,9631,101288.22,0,,9696.96,65.96,,,,,,,
10/3/11,2.89,34.1,12.6,206.0,6.0,5.3,0.0,266.86,,10/3/11,39.21,9615.22,100999.52,0,,9679.72,64.50,,,,,,,
10/4/11,2.81,32.8,12.5,206.0,5.8,5.1,0.0,264.96,,10/4/11,39.22,9620.48,101095.70,0,,9685.47,64.99,,,,,,,
10/5/11,2.6,28.0,12.5,207.0,5.7,5.2,0.0,261.00,,10/5/11,39.22,9620.48,101095.70,0,,9685.47,64.99,,,,,,,
10/6/11,2.61,27.0,12.6,209.0,5.9,5.7,0.0,262.77,,10/6/11,39.29,9657.29,101770.42,0,,9725.73,68.44,,,,,,,
10/7/11,2.7,27.5,13.5,207.0,6.3,5.8,0.0,262.80,,10/7/11,39.31,9667.81,101963.68,0,,9737.24,69.43,,,,,,,
10/8/11,2.81,31.7,13.7,205.0,6.0,6.2,0.0,265.42,,10/8/11,39.31,9667.81,101963.68,0,,9737.24,69.43,,,,,,,
10/9/11,4.45,1030.0,229.0,216.0,6.9,7.7,0.0,1494.00,,10/9/11,39.32,9673.07,102060.38,0,,9743.00,69.93,,,,,,,
10/10/11,5.57,1470.0,557.0,384.0,9.0,11.9,0.0,2437.43,,10/10/11,39.88,9967.57,107559.76,0,,10067.79,100.22,,,,,,,
10/11/11,4.87,409.0,162.0,366.0,10.7,18.0,0.0,970.57,,10/11/11,40.44,10262.08,113224.06,0,,10396.96,134.88,,,,,,,
10/12/11,6.26,160.0,74.4,265.0,8.1,16.2,0.0,529.94,,10/12/11,40.67,10383.04,115598.25,0,,10533.41,150.37,,,,,,,
10/13/11,5.45,91.1,76.4,257.0,6.3,13.8,0.0,450.05,,10/13/11,40.81,10456.66,117057.03,0,,10616.84,160.18,,,,,,,
10/14/11,4.22,57.9,62.9,258.0,5.3,12.6,0.0,400.92,,10/14/11,40.77,10435.63,116639.18,0,,10592.97,157.34,,,,,,,
10/15/11,3.94,42.3,40.9,247.0,4.8,10.9,0.0,349.79,,10/15/11,40.87,10488.22,117685.38,0,,10652.67,164.45,,,,,,,
10/16/11,3.68,34.7,31.7,247.0,4.7,9.8,0.0,331.62,,10/16/11,40.87,10488.22,117685.38,0,,10652.67,164.45,,,,,,,
10/17/11,3.61,33.2,28.0,259.0,5.1,9.0,0.0,337.83,,10/17/11,40.94,10525.03,118420.84,0,,10694.55,169.52,,,,,,,
10/18/11,3.68,31.1,27.2,262.0,5.4,7.8,0.0,337.17,,10/18/11,40.96,10535.55,118631.45,0,,10706.52,170.97,,,,,,,
10/19/11,3.63,27.6,21.3,257.0,5.0,6.9,0.0,321.43,,10/19/11,40.9,10503.99,118000.26,0,,10670.61,166.62,,,,,,,
10/20/11,4.09,27.0,18.1,257.0,5.2,6.2,0.0,317.51,,10/20/11,40.97,10540.81,118736.83,0,,10712.51,171.70,,,,,,,
10/21/11,4.16,27.2,18.6,264.0,5.3,6.0,0.0,325.28,,10/21/11,40.9,10503.99,118000.26,0,,10670.61,166.62,,,,,,,
10/22/11,3.98,26.7,19.0,265.0,5.0,5.8,0.0,325.49,,10/22/11,40.93,10519.77,118315.62,0,,10688.56,168.79,,,,,,,
10/23/11,3.99,26.7,19.7,263.0,5.1,5.7,0.0,324.16,,10/23/11,40.94,10525.03,118420.84,0,,10694.55,169.52,,,,,,,
10/24/11,4.16,28.5,22.0,263.0,5.2,5.8,0.0,328.65,,10/24/11,40.97,10540.81,118736.83,0,,10712.51,171.70,,,,,,,
10/25/11,4.3,29.0,21.7,262.0,5.2,5.7,0.0,327.96,,10/25/11,41,10556.58,119053.29,0,,10730.49,173.91,,,,,,,
10/26/11,4.29,29.4,20.6,261.0,5.2,5.9,0.0,326.38,,10/26/11,40.97,10540.81,118736.83,0,,10712.51,171.70,,,,,,,
10/27/11,4.7,36.7,22.9,261.0,5.8,6.4,0.0,337.41,,10/27/11,41.03,10572.36,119370.22,0,,10748.48,176.12,,,,,,,
10/28/11,6.05,120.0,112.0,282.0,7.1,8.6,0.0,535.69,,10/28/11,41.4,10766.94,123317.99,0,,10971.41,204.47,,,,,,,
10/29/11,5,55.6,75.0,298.0,8.3,8.5,0.0,450.46,,10/29/11,41.17,10645.99,120855.51,0,,10832.61,186.62,,,,,,,
10/30/11,6.22,37.3,41.4,265.0,8.0,8.1,0.0,365.98,,10/30/11,41.23,10677.54,121495.21,0,,10868.75,191.21,,,,,,,
10/31/11,6.67,33.0,31.5,262.0,6.9,8.4,0.0,348.46,,10/31/11,41.31,10719.61,122351.10,0,,10917.01,197.40,,,,,,,
11/1/11,5.53,28.4,26.4,259.0,6.5,10.0,0.0,335.86,,11/1/11,41.33,10730.13,122565.60,0,,10929.09,198.96,,,,,,,
11/2/11,5.2,28.9,24.8,257.0,6.5,11.1,0.0,333.54,,11/2/11,41.41,10772.2,123425.69,0,,10977.46,205.26,,,,,,,
11/3/11,4.91,29.6,24.2,253.0,6.3,9.8,0.0,327.82,,11/3/11,41.77,10961.53,127337.76,0,,11196.24,234.71,,,,,,,
11/4/11,4.8,26.5,18.8,254.0,6.3,8.8,0.0,319.17,,11/4/11,41.4,10766.94,123317.99,0,,10971.41,204.47,,,,,,,
11/5/11,4.84,25.4,18.7,253.0,6.5,8.9,0.0,317.34,,11/5/11,41.33,10730.13,122565.60,0,,10929.09,198.96,,,,,,,
11/6/11,5.78,25.9,20.6,254.0,6.4,9.2,0.0,321.88,,11/6/11,41.5,10819.53,124397.32,0,,11031.99,212.46,,,,,,,
11/7/11,4.87,28.2,22.2,252.0,6.9,9.3,0.0,323.45,,11/7/11,41.46,10798.5,123964.96,0,,11007.74,209.24,,,,,,,
11/8/11,7.13,78.0,83.1,266.0,19.2,15.5,31.0,499.93,,11/8/11,41.5,10819.53,124397.32,0,,11031.99,212.46,,,,,,,
11/9/11,17.2,127.0,126.0,299.0,11.8,30.8,64.5,676.30,,11/9/11,41.87,11014.12,128436.54,0,,11257.34,243.22,,,,,,,
11/10/11,10.8,44.8,43.2,272.0,9.8,48.3,54.8,483.74,,11/10/11,41.9,11029.89,128767.20,0,,11275.69,245.80,,,,,,,
11/11/11,7.58,32.2,28.7,263.0,9.8,24.4,46.0,411.64,,11/11/11,41.87,11014.12,128436.54,0,,11257.34,243.22,,,,,,,
11/12/11,6.59,29.2,25.4,258.0,9.8,16.7,12.1,357.77,,11/12/11,42.03,11098.26,130205.53,0,,11355.38,257.12,,,,,,,
11/13/11,5.8,29.2,25.7,258.0,9.9,15.5,1.4,345.53,,11/13/11,42.06,11114.04,130538.72,0,,11373.80,259.76,,,,,,,
11/14/11,5.47,30.9,28.7,259.0,10.6,14.2,0.4,349.24,,11/14/11,42.09,11129.82,130872.38,0,,11392.23,262.41,,,,,,,
11/15/11,11.2,232.0,142.0,268.0,14.0,13.2,0.2,680.64,,11/15/11,42.12,11145.59,131206.51,0,,11410.68,265.09,,,,,,,
11/16/11,19.5,524.0,302.0,527.0,29.0,18.8,0.2,1420.47,,11/16/11,42.23,11203.44,132435.70,0,,11478.43,274.99,,,,,,,
11/17/11,10.9,114.0,104.0,373.0,28.1,35.7,0.1,665.81,,11/17/11,42.43,11602.03733,134687.57,0,,,,,,,,,,
11/18/11,11.9,59.2,55.3,292.0,16.5,21.3,0.5,456.65,,11/18/11,42.5,11645.4325,135480.22,0,,,,,,,,,,
11/19/11,8.59,44.3,44.2,286.0,13.7,20.9,0.3,418.01,,11/19/11,42.66,11744.87802,137302.22,0,,,,,,,,,,
11/20/11,7.12,37.9,41.3,280.0,13.0,19.1,3.6,402.05,,11/20/11,42.73,11788.49769,138103.82,0,,,,,,,,,,
11/21/11,6.66,36.3,40.5,271.0,13.0,16.1,2.8,386.32,,11/21/11,42.75,11800.973,138333.15,0,,,,,,,,,,
11/22/11,8.38,172.0,179.0,261.0,16.5,15.2,2.3,654.40,,11/22/11,42.77,11813.45389,138562.48,0,,,,,,,,,,
11/23/11,11.7,102.0,179.0,325.0,16.7,21.4,1.9,657.69,,11/23/11,42.95,11926.03288,140639.05,0,,,,,,,,,,
11/24/11,10.1,50.4,76.4,273.0,19.6,27.1,1.3,457.89,,11/24/11,42.99,11951.11179,141102.44,0,,,,,,,,,,
11/25/11,10.1,37.4,51.6,260.0,16.0,22.5,2.1,399.70,,11/25/11,43.07,12001.33653,142032.38,0,,,,,,,,,,
11/26/11,10.3,614.0,309.0,268.0,20.2,22.8,13.4,1257.70,,11/26/11,43.19,12076.84098,143433.58,0,,,,,,,,,,
11/27/11,14.3,623.0,434.0,596.0,47.9,30.8,9.1,1755.13,,11/27/11,43.53,12291.86066,147445.24,0,,,,,,,,,,
11/28/11,18.9,175.0,177.0,292.0,32.4,34.5,4.6,734.41,,11/28/11,43.66,12374.50006,148994.77,0,,,,,,,,,,
11/29/11,14.6,97.9,115.0,203.0,20.6,33.7,2.1,486.91,,11/29/11,43.75,12431.85,150073.02,0,,,,,,,,,,
11/30/11,10.5,66.1,75.7,175.0,17.3,30.7,1.0,376.31,,11/30/11,43.82,12476.53359,150914.59,0,,,,,,,,,,
12/1/11,8.99,55.2,58.2,160.0,15.7,22.3,0.9,321.28,,12/1/11,43.85,12495.70462,151275.93,0,,,,,,,,,,
12/2/11,8.26,50.4,48.5,114.0,14.9,18.6,0.9,255.53,,12/2/11,43.84,12489.31288,151155.48,0,,,,,,,,,,
12/3/11,7.97,40.6,46.1,69.3,14.5,16.9,0.5,195.85,,12/3/11,43.86,12502.09775,151396.38,0,,,,,,,,,,
12/4/11,7.9,57.5,46.1,57.4,14.2,17.3,1.6,201.99,,12/4/11,43.82,12476.53359,150914.59,0,,,,,,,,,,
12/5/11,12.4,479.0,250.0,72.4,19.0,43.8,21.4,898.00,,12/5/11,44.12,12668.8086,154550.15,0,,,,,,,,,,
12/6/11,14.7,161.0,168.0,162.0,22.6,48.0,5.4,581.67,,12/6/11,44.29,12778.3215,156630.91,0,,,,,,,,,,
12/7/11,16,74.4,76.4,98.1,19.1,32.6,44.3,360.90,,12/7/11,44.27,12765.41671,156385.28,0,,,,,,,,,,
12/8/11,12.5,54.9,54.3,68.2,15.2,32.8,12.8,250.70,,12/8/11,44.3,12784.77598,156753.99,0,,,,,,,,,,
12/9/11,10.2,46.1,45.7,55.9,14.3,26.7,2.5,201.43,,12/9/11,44.38,12836.46206,157738.62,0,,,,,,,,,,
12/10/11,9.44,40.4,43.2,49.2,13.6,21.5,0.9,178.24,,12/10/11,44.35,12817.06932,157369.38,0,,,,,,,,,,
12/11/11,9.05,38.6,39.7,44.4,13.2,18.6,0.8,164.33,,12/11/11,44.31,12791.23186,156877.07,0,,,,,,,,,,
12/12/11,8.73,39.7,39.0,41.3,12.5,17.4,3.6,162.22,,12/12/11,44.31,12791.23186,156877.07,0,,,,,,,,,,
12/13/11,8.28,37.9,35.0,41.1,12.3,17.0,3.9,155.50,,12/13/11,44.31,12791.23186,156877.07,0,,,,,,,,,,
12/14/11,8.1,37.5,34.0,40.6,11.7,16.4,1.6,149.86,,12/14/11,44.29,12778.3215,156388.95,0,,,,,,,,,,
12/15/11,8.28,50.2,35.1,40.0,12.3,16.2,0.7,162.78,,12/15/11,44.29,12778.3215,156388.95,0,,,,,,,,,,
12/16/11,8.25,40.0,39.0,39.7,12.4,15.2,0.6,155.15,,12/16/11,44.32,12797.68913,157000.15,0,,,,,,,,,,
12/17/11,8.61,39.4,32.8,39.4,12.8,14.2,1.9,149.09,,12/17/11,44.29,12778.3215,156388.95,0,,,,,,,,,,
12/18/11,8.95,36.4,30.0,38.1,12.4,14.7,1.9,142.40,,12/18/11,44.19,12713.85334,155404.86,0,,,,,,,,,,
12/19/11,9.28,38.0,32.6,37.7,12.8,16.0,2.2,148.61,,12/19/11,44.22,12733.17914,155772.52,0,,,,,,,,,,
12/20/11,18.1,729.0,682.0,78.9,20.9,68.1,51.3,1648.30,,12/20/11,44.35,12817.06932,157369.38,0,,,,,,,,,,
12/21/11,18,285.0,250.0,216.0,30.1,67.7,70.1,936.90,,12/21/11,44.75,13076.671,162338.80,0,,,,,,,,,,
12/22/11,75.8,1780.0,1330.0,438.0,94.0,125.0,136.0,3978.80,,12/22/11,45.01,13246.60849,165614.06,0,,,,,,,,,,
12/23/11,113,492.0,544.0,734.0,121.0,193.0,160.0,2357.00,,12/23/11,45.41,13509.89138,170722.32,3472,,,,,,,,,,
12/24/11,43.9,266.0,289.0,253.0,35.5,237.0,157.0,1281.40,,12/24/11,45.24,13397.72355,168541.10,3472,,,,,,,,,,
12/25/11,31.8,786.0,435.0,223.0,29.9,209.0,136.0,1850.70,,12/25/11,45.25,13404.3105,168668.91,3472,,,,,,,,,,
12/26/11,31.5,260.0,237.0,227.0,31.3,210.0,88.6,1085.40,,12/26/11,45.25,13404.3105,168668.91,3472,,,,,,,,,,
12/27/11,23.1,142.0,164.0,149.0,23.2,151.0,94.9,747.20,,12/27/11,45.13,13325.3591,167137.81,3472,,,,,,,,,,
12/28/11,17.7,98.1,109.0,117.0,18.3,95.1,64.6,519.80,,12/28/11,45.02,13253.16337,165740.82,3472,,,,,,,,,,
12/29/11,15.2,69.2,87.7,100.0,14.9,72.0,18.5,377.50,,12/29/11,45.02,13253.16337,165740.82,3472,,,,,,,,,,
12/30/11,13.9,58.4,74.6,83.0,13.4,59.9,7.4,310.64,,12/30/11,44.98,13226.95221,165233.78,3472,,,,,,,,,,
12/31/11,13.4,47.1,60.0,71.5,12.1,49.4,21.2,274.70,,12/31/11,44.94,13200.76336,164728.84,0,,,,,,,,,,
,,,,,,,,,,,,,,,,,,,,,,,,
,,,,,,,,,,,,,,,,,,,,,,,,
,,,,,,,,,,,,,,,,,,,,,,,,
,,,,,,,,,,,,,,,,,,,,,,,,
,,,,,,,,,,,,,,,,,,,,,,,,
,,,,,,,,,,,,,,,,,,,,,,,,
,,,,,,,,,,,,,,,,,,,,,,,,
,,,,,,,,,,,,,,,,,,,,,,,,
,,,,,,,,,,,,,,,,,,,,,,,,
,,,,,,,,,,,,,,,,,,,,,,,,
,,,,,,,,,,,,,,,,,,,,,,,,
,,,,,,,,,,,,,,,,,,,,,,,,
,,,,,,,,,,,,,,,,,,,,,,,,
,,,,,,,,,,,,,,,,,,,,,,,,
,,,,,,,,,,,,,,,,,,,,,,,,
,,,,,,,,,,,,,,,,,,,,,,,,
,,,,,,,,,,,,,,,,,,,,,,,,
,,,,,,,,,,,,,,,,,,,,,,,,
,,,,,,,,,,,,,,,,,,,,,,,,
,,,,,,,,,,,,,,,,,,,,,,,,
,,,,,,,,,,,,,,,,,,,,,,,,
,,,,,,,,,,,,,,,,,,,,,,,,
,,,,,,,,,,,,,,,,,,,,,,,,
,,,,,,,,,,,,,,,,,,,,,,,,
,,,,,,,,,,,,,,,,,,,,,,,,
,,,,,,,,,,,,,,,,,,,,,,,,
,,,,,,,,,,,,,,,,,,,,,,,,
,,,,,,,,,,,,,,,,,,,,,,,,
,,,,,,,,,,,,,,,,,,,,,,,,
,,,,,,,,,,,,,,,,,,,,,,,,
,,,,,,,,,,,,,,,,,,,,,,,,
,,,,,,,,,,,,,,,,,,,,,,,,
,,,,,,,,,,,,,,,,,,,,,,,,
,,,,,,,,,,,,,,,,,,,,,,,,
,,,,,,,,,,,,,,,,,,,,,,,,
,,,,,,,,,,,,,,,,,,,,,,,,
,,,,,,,,,,,,,,,,,,,,,,,,
,,,,,,,,,,,,,,,,,,,,,,,,
,,,,,,,,,,,,,,,,,,,,,,,,
,,,,,,,,,,,,,,,,,,,,,,,,
,,,,,,,,,,,,,,,,,,,,,,,,
,,,,,,,,,,,,,,,,,,,,,,,,
,,,,,,,,,,,,,,,,,,,,,,,,
,,,,,,,,,,,,,,,,,,,,,,,,
,,,,,,,,,,,,,,,,,,,,,,,,
,,,,,,,,,,,,,,,,,,,,,,,,
,,,,,,,,,,,,,,,,,,,,,,,,
,,,,,,,,,,,,,,,,,,,,,,,,
,,,,,,,,,,,,,,,,,,,,,,,,
,,,,,,,,,,,,,,,,,,,,,,,,
,,,,,,,,,,,,,,,,,,,,,,,,
,,,,,,,,,,,,,,,,,,,,,,,,
,,,,,,,,,,,,,,,,,,,,,,,,
,,,,,,,,,,,,,,,,,,,,,,,,
,,,,,,,,,,,,,,,,,,,,,,,,
,,,,,,,,,,,,,,,,,,,,,,,,
,,,,,,,,,,,,,,,,,,,,,,,,
,,,,,,,,,,,,,,,,,,,,,,,,
,,,,,,,,,,,,,,,,,,,,,,,,
,,,,,,,,,,,,,,,,,,,,,,,,
,,,,,,,,,,,,,,,,,,,,,,,,
,,,,,,,,,,,,,,,,,,,,,,,,
,,,,,,,,,,,,,,,,,,,,,,,,
,,,,,,,,,,,,,,,,,,,,,,,,
,,,,,,,,,,,,,,,,,,,,,,,,
,,,,,,,,,,,,,,,,,,,,,,,,
,,,,,,,,,,,,,,,,,,,,,,,,
,,,,,,,,,,,,,,,,,,,,,,,,
,,,,,,,,,,,,,,,,,,,,,,,,
,,,,,,,,,,,,,,,,,,,,,,,,
,,,,,,,,,,,,,,,,,,,,,,,,
,,,,,,,,,,,,,,,,,,,,,,,,
,,,,,,,,,,,,,,,,,,,,,,,,
,,,,,,,,,,,,,,,,,,,,,,,,
,,,,,,,,,,,,,,,,,,,,,,,,
,,,,,,,,,,,,,,,,,,,,,,,,
,,,,,,,,,,,,,,,,,,,,,,,,
,,,,,,,,,,,,,,,,,,,,,,,,
,,,,,,,,,,,,,,,,,,,,,,,,
,,,,,,,,,,,,,,,,,,,,,,,,
,,,,,,,,,,,,,,,,,,,,,,,,
,,,,,,,,,,,,,,,,,,,,,,,,
,,,,,,,,,,,,,,,,,,,,,,,,
,,,,,,,,,,,,,,,,,,,,,,,,
,,,,,,,,,,,,,,,,,,,,,,,,
,,,,,,,,,,,,,,,,,,,,,,,,
,,,,,,,,,,,,,,,,,,,,,,,,
,,,,,,,,,,,,,,,,,,,,,,,,
,,,,,,,,,,,,,,,,,,,,,,,,
,,,,,,,,,,,,,,,,,,,,,,,,
,,,,,,,,,,,,,,,,,,,,,,,,
,,,,,,,,,,,,,,,,,,,,,,,,
,,,,,,,,,,,,,,,,,,,,,,,,
,,,,,,,,,,,,,,,,,,,,,,,,
,,,,,,,,,,,,,,,,,,,,,,,,
,,,,,,,,,,,,,,,,,,,,,,,,
,,,,,,,,,,,,,,,,,,,,,,,,
,,,,,,,,,,,,,,,,,,,,,,,,
,,,,,,,,,,,,,,,,,,,,,,,,
,,,,,,,,,,,,,,,,,,,,,,,,
,,,,,,,,,,,,,,,,,,,,,,,,
,,,,,,,,,,,,,,,,,,,,,,,,
,,,,,,,,,,,,,,,,,,,,,,,,
,,,,,,,,,,,,,,,,,,,,,,,,
,,,,,,,,,,,,,,,,,,,,,,,,
,,,,,,,,,,,,,,,,,,,,,,,,
,,,,,,,,,,,,,,,,,,,,,,,,
,,,,,,,,,,,,,,,,,,,,,,,,
,,,,,,,,,,,,,,,,,,,,,,,,
,,,,,,,,,,,,,,,,,,,,,,,,
,,,,,,,,,,,,,,,,,,,,,,,,
,,,,,,,,,,,,,,,,,,,,,,,,
,,,,,,,,,,,,,,,,,,,,,,,,
,,,,,,,,,,,,,,,,,,,,,,,,
,,,,,,,,,,,,,,,,,,,,,,,,
,,,,,,,,,,,,,,,,,,,,,,,,
,,,,,,,,,,,,,,,,,,,,,,,,
,,,,,,,,,,,,,,,,,,,,,,,,
,,,,,,,,,,,,,,,,,,,,,,,,
,,,,,,,,,,,,,,,,,,,,,,,,
,,,,,,,,,,,,,,,,,,,,,,,,
,,,,,,,,,,,,,,,,,,,,,,,,
,,,,,,,,,,,,,,,,,,,,,,,,
,,,,,,,,,,,,,,,,,,,,,,,,
,,,,,,,,,,,,,,,,,,,,,,,,
,,,,,,,,,,,,,,,,,,,,,,,,
,,,,,,,,,,,,,,,,,,,,,,,,
,,,,,,,,,,,,,,,,,,,,,,,,
,,,,,,,,,,,,,,,,,,,,,,,,
,,,,,,,,,,,,,,,,,,,,,,,,
,,,,,,,,,,,,,,,,,,,,,,,,
,,,,,,,,,,,,,,,,,,,,,,,,
,,,,,,,,,,,,,,,,,,,,,,,,
,,,,,,,,,,,,,,,,,,,,,,,,
,,,,,,,,,,,,,,,,,,,,,,,,
,,,,,,,,,,,,,,,,,,,,,,,,
,,,,,,,,,,,,,,,,,,,,,,,,
,,,,,,,,,,,,,,,,,,,,,,,,
,,,,,,,,,,,,,,,,,,,,,,,,
,,,,,,,,,,,,,,,,,,,,,,,,
,,,,,,,,,,,,,,,,,,,,,,,,
,,,,,,,,,,,,,,,,,,,,,,,,
,,,,,,,,,,,,,,,,,,,,,,,,
,,,,,,,,,,,,,,,,,,,,,,,,
,,,,,,,,,,,,,,,,,,,,,,,,
,,,,,,,,,,,,,,,,,,,,,,,,
,,,,,,,,,,,,,,,,,,,,,,,,
,,,,,,,,,,,,,,,,,,,,,,,,
,,,,,,,,,,,,,,,,,,,,,,,,
,,,,,,,,,,,,,,,,,,,,,,,,
,,,,,,,,,,,,,,,,,,,,,,,,
,,,,,,,,,,,,,,,,,,,,,,,,
,,,,,,,,,,,,,,,,,,,,,,,,
,,,,,,,,,,,,,,,,,,,,,,,,
,,,,,,,,,,,,,,,,,,,,,,,,
,,,,,,,,,,,,,,,,,,,,,,,,
,,,,,,,,,,,,,,,,,,,,,,,,
,,,,,,,,,,,,,,,,,,,,,,,,
,,,,,,,,,,,,,,,,,,,,,,,,
,,,,,,,,,,,,,,,,,,,,,,,,
,,,,,,,,,,,,,,,,,,,,,,,,
,,,,,,,,,,,,,,,,,,,,,,,,
,,,,,,,,,,,,,,,,,,,,,,,,
,,,,,,,,,,,,,,,,,,,,,,,,
,,,,,,,,,,,,,,,,,,,,,,,,
,,,,,,,,,,,,,,,,,,,,,,,,
,,,,,,,,,,,,,,,,,,,,,,,,
,,,,,,,,,,,,,,,,,,,,,,,,
,,,,,,,,,,,,,,,,,,,,,,,,
,,,,,,,,,,,,,,,,,,,,,,,,
,,,,,,,,,,,,,,,,,,,,,,,,
,,,,,,,,,,,,,,,,,,,,,,,,
,,,,,,,,,,,,,,,,,,,,,,,,
,,,,,,,,,,,,,,,,,,,,,,,,
,,,,,,,,,,,,,,,,,,,,,,,,
,,,,,,,,,,,,,,,,,,,,,,,,
,,,,,,,,,,,,,,,,,,,,,,,,
,,,,,,,,,,,,,,,,,,,,,,,,
,,,,,,,,,,,,,,,,,,,,,,,,
,,,,,,,,,,,,,,,,,,,,,,,,
,,,,,,,,,,,,,,,,,,,,,,,,
,,,,,,,,,,,,,,,,,,,,,,,,
,,,,,,,,,,,,,,,,,,,,,,,,
,,,,,,,,,,,,,,,,,,,,,,,,
,,,,,,,,,,,,,,,,,,,,,,,,
,,,,,,,,,,,,,,,,,,,,,,,,
,,,,,,,,,,,,,,,,,,,,,,,,
,,,,,,,,,,,,,,,,,,,,,,,,
,,,,,,,,,,,,,,,,,,,,,,,,
,,,,,,,,,,,,,,,,,,,,,,,,
,,,,,,,,,,,,,,,,,,,,,,,,
,,,,,,,,,,,,,,,,,,,,,,,,
,,,,,,,,,,,,,,,,,,,,,,,,
,,,,,,,,,,,,,,,,,,,,,,,,
,,,,,,,,,,,,,,,,,,,,,,,,
,,,,,,,,,,,,,,,,,,,,,,,,
,,,,,,,,,,,,,,,,,,,,,,,,
,,,,,,,,,,,,,,,,,,,,,,,,
,,,,,,,,,,,,,,,,,,,,,,,,
,,,,,,,,,,,,,,,,,,,,,,,,
,,,,,,,,,,,,,,,,,,,,,,,,
,,,,,,,,,,,,,,,,,,,,,,,,
,,,,,,,,,,,,,,,,,,,,,,,,
,,,,,,,,,,,,,,,,,,,,,,,,
,,,,,,,,,,,,,,,,,,,,,,,,
,,,,,,,,,,,,,,,,,,,,,,,,
,,,,,,,,,,,,,,,,,,,,,,,,
,,,,,,,,,,,,,,,,,,,,,,,,
,,,,,,,,,,,,,,,,,,,,,,,,
,,,,,,,,,,,,,,,,,,,,,,,,
,,,,,,,,,,,,,,,,,,,,,,,,
,,,,,,,,,,,,,,,,,,,,,,,,
,,,,,,,,,,,,,,,,,,,,,,,,
,,,,,,,,,,,,,,,,,,,,,,,,
,,,,,,,,,,,,,,,,,,,,,,,,
,,,,,,,,,,,,,,,,,,,,,,,,
,,,,,,,,,,,,,,,,,,,,,,,,
,,,,,,,,,,,,,,,,,,,,,,,,
,,,,,,,,,,,,,,,,,,,,,,,,
,,,,,,,,,,,,,,,,,,,,,,,,
,,,,,,,,,,,,,,,,,,,,,,,,
,,,,,,,,,,,,,,,,,,,,,,,,
,,,,,,,,,,,,,,,,,,,,,,,,
,,,,,,,,,,,,,,,,,,,,,,,,
,,,,,,,,,,,,,,,,,,,,,,,,
,,,,,,,,,,,,,,,,,,,,,,,,
,,,,,,,,,,,,,,,,,,,,,,,,
,,,,,,,,,,,,,,,,,,,,,,,,
,,,,,,,,,,,,,,,,,,,,,,,,
,,,,,,,,,,,,,,,,,,,,,,,,
,,,,,,,,,,,,,,,,,,,,,,,,
,,,,,,,,,,,,,,,,,,,,,,,,
,,,,,,,,,,,,,,,,,,,,,,,,
,,,,,,,,,,,,,,,,,,,,,,,,
,,,,,,,,,,,,,,,,,,,,,,,,
,,,,,,,,,,,,,,,,,,,,,,,,
,,,,,,,,,,,,,,,,,,,,,,,,
,,,,,,,,,,,,,,,,,,,,,,,,
,,,,,,,,,,,,,,,,,,,,,,,,
,,,,,,,,,,,,,,,,,,,,,,,,
,,,,,,,,,,,,,,,,,,,,,,,,
,,,,,,,,,,,,,,,,,,,,,,,,
,,,,,,,,,,,,,,,,,,,,,,,,
,,,,,,,,,,,,,,,,,,,,,,,,
,,,,,,,,,,,,,,,,,,,,,,,,
,,,,,,,,,,,,,,,,,,,,,,,,
,,,,,,,,,,,,,,,,,,,,,,,,
,,,,,,,,,,,,,,,,,,,,,,,,
,,,,,,,,,,,,,,,,,,,,,,,,
,,,,,,,,,,,,,,,,,,,,,,,,
,,,,,,,,,,,,,,,,,,,,,,,,
,,,,,,,,,,,,,,,,,,,,,,,,
,,,,,,,,,,,,,,,,,,,,,,,,
,,,,,,,,,,,,,,,,,,,,,,,,
,,,,,,,,,,,,,,,,,,,,,,,,
,,,,,,,,,,,,,,,,,,,,,,,,
,,,,,,,,,,,,,,,,,,,,,,,,
,,,,,,,,,,,,,,,,,,,,,,,,
,,,,,,,,,,,,,,,,,,,,,,,,
,,,,,,,,,,,,,,,,,,,,,,,,
,,,,,,,,,,,,,,,,,,,,,,,,
,,,,,,,,,,,,,,,,,,,,,,,,
,,,,,,,,,,,,,,,,,,,,,,,,
,,,,,,,,,,,,,,,,,,,,,,,,
,,,,,,,,,,,,,,,,,,,,,,,,
,,,,,,,,,,,,,,,,,,,,,,,,
,,,,,,,,,,,,,,,,,,,,,,,,
,,,,,,,,,,,,,,,,,,,,,,,,
,,,,,,,,,,,,,,,,,,,,,,,,
,,,,,,,,,,,,,,,,,,,,,,,,
,,,,,,,,,,,,,,,,,,,,,,,,
,,,,,,,,,,,,,,,,,,,,,,,,
,,,,,,,,,,,,,,,,,,,,,,,,
,,,,,,,,,,,,,,,,,,,,,,,,
,,,,,,,,,,,,,,,,,,,,,,,,
,,,,,,,,,,,,,,,,,,,,,,,,
,,,,,,,,,,,,,,,,,,,,,,,,
,,,,,,,,,,,,,,,,,,,,,,,,
,,,,,,,,,,,,,,,,,,,,,,,,
,,,,,,,,,,,,,,,,,,,,,,,,
,,,,,,,,,,,,,,,,,,,,,,,,
,,,,,,,,,,,,,,,,,,,,,,,,
,,,,,,,,,,,,,,,,,,,,,,,,
,,,,,,,,,,,,,,,,,,,,,,,,
,,,,,,,,,,,,,,,,,,,,,,,,
,,,,,,,,,,,,,,,,,,,,,,,,
,,,,,,,,,,,,,,,,,,,,,,,,
,,,,,,,,,,,,,,,,,,,,,,,,
,,,,,,,,,,,,,,,,,,,,,,,,
,,,,,,,,,,,,,,,,,,,,,,,,
,,,,,,,,,,,,,,,,,,,,,,,,
,,,,,,,,,,,,,,,,,,,,,,,,
,,,,,,,,,,,,,,,,,,,,,,,,
,,,,,,,,,,,,,,,,,,,,,,,,
,,,,,,,,,,,,,,,,,,,,,,,,
,,,,,,,,,,,,,,,,,,,,,,,,
,,,,,,,,,,,,,,,,,,,,,,,,
,,,,,,,,,,,,,,,,,,,,,,,,
,,,,,,,,,,,,,,,,,,,,,,,,
,,,,,,,,,,,,,,,,,,,,,,,,
,,,,,,,,,,,,,,,,,,,,,,,,
,,,,,,,,,,,,,,,,,,,,,,,,
,,,,,,,,,,,,,,,,,,,,,,,,
,,,,,,,,,,,,,,,,,,,,,,,,
,,,,,,,,,,,,,,,,,,,,,,,,
,,,,,,,,,,,,,,,,,,,,,,,,
,,,,,,,,,,,,,,,,,,,,,,,,
,,,,,,,,,,,,,,,,,,,,,,,,
,,,,,,,,,,,,,,,,,,,,,,,,
,,,,,,,,,,,,,,,,,,,,,,,,
,,,,,,,,,,,,,,,,,,,,,,,,
,,,,,,,,,,,,,,,,,,,,,,,,
,,,,,,,,,,,,,,,,,,,,,,,,
,,,,,,,,,,,,,,,,,,,,,,,,
,,,,,,,,,,,,,,,,,,,,,,,,
,,,,,,,,,,,,,,,,,,,,,,,,
,,,,,,,,,,,,,,,,,,,,,,,,
,,,,,,,,,,,,,,,,,,,,,,,,
,,,,,,,,,,,,,,,,,,,,,,,,
,,,,,,,,,,,,,,,,,,,,,,,,
,,,,,,,,,,,,,,,,,,,,,,,,
,,,,,,,,,,,,,,,,,,,,,,,,
,,,,,,,,,,,,,,,,,,,,,,,,
,,,,,,,,,,,,,,,,,,,,,,,,
,,,,,,,,,,,,,,,,,,,,,,,,
,,,,,,,,,,,,,,,,,,,,,,,,
,,,,,,,,,,,,,,,,,,,,,,,,
,,,,,,,,,,,,,,,,,,,,,,,,
,,,,,,,,,,,,,,,,,,,,,,,,
,,,,,,,,,,,,,,,,,,,,,,,,
,,,,,,,,,,,,,,,,,,,,,,,,
,,,,,,,,,,,,,,,,,,,,,,,,
,,,,,,,,,,,,,,,,,,,,,,,,
,,,,,,,,,,,,,,,,,,,,,,,,
,,,,,,,,,,,,,,,,,,,,,,,,
,,,,,,,,,,,,,,,,,,,,,,,,
,,,,,,,,,,,,,,,,,,,,,,,,
,,,,,,,,,,,,,,,,,,,,,,,,
,,,,,,,,,,,,,,,,,,,,,,,,
,,,,,,,,,,,,,,,,,,,,,,,,
,,,,,,,,,,,,,,,,,,,,,,,,
,,,,,,,,,,,,,,,,,,,,,,,,
,,,,,,,,,,,,,,,,,,,,,,,,
,,,,,,,,,,,,,,,,,,,,,,,,
,,,,,,,,,,,,,,,,,,,,,,,,
,,,,,,,,,,,,,,,,,,,,,,,,
,,,,,,,,,,,,,,,,,,,,,,,,
,,,,,,,,,,,,,,,,,,,,,,,,
,,,,,,,,,,,,,,,,,,,,,,,,
,,,,,,,,,,,,,,,,,,,,,,,,
,,,,,,,,,,,,,,,,,,,,,,,,
,,,,,,,,,,,,,,,,,,,,,,,,
,,,,,,,,,,,,,,,,,,,,,,,,
,,,,,,,,,,,,,,,,,,,,,,,,
,,,,,,,,,,,,,,,,,,,,,,,,
,,,,,,,,,,,,,,,,,,,,,,,,
,,,,,,,,,,,,,,,,,,,,,,,,
,,,,,,,,,,,,,,,,,,,,,,,,
,,,,,,,,,,,,,,,,,,,,,,,,
,,,,,,,,,,,,,,,,,,,,,,,,
,,,,,,,,,,,,,,,,,,,,,,,,
,,,,,,,,,,,,,,,,,,,,,,,,
,,,,,,,,,,,,,,,,,,,,,,,,
,,,,,,,,,,,,,,,,,,,,,,,,
,,,,,,,,,,,,,,,,,,,,,,,,
,,,,,,,,,,,,,,,,,,,,,,,,
,,,,,,,,,,,,,,,,,,,,,,,,
,,,,,,,,,,,,,,,,,,,,,,,,
,,,,,,,,,,,,,,,,,,,,,,,,
,,,,,,,,,,,,,,,,,,,,,,,,
,,,,,,,,,,,,,,,,,,,,,,,,
,,,,,,,,,,,,,,,,,,,,,,,,
,,,,,,,,,,,,,,,,,,,,,,,,
,,,,,,,,,,,,,,,,,,,,,,,,
,,,,,,,,,,,,,,,,,,,,,,,,
,,,,,,,,,,,,,,,,,,,,,,,,
,,,,,,,,,,,,,,,,,,,,,,,,
,,,,,,,,,,,,,,,,,,,,,,,,
,,,,,,,,,,,,,,,,,,,,,,,,
,,,,,,,,,,,,,,,,,,,,,,,,
,,,,,,,,,,,,,,,,,,,,,,,,
,,,,,,,,,,,,,,,,,,,,,,,,
,,,,,,,,,,,,,,,,,,,,,,,,
,,,,,,,,,,,,,,,,,,,,,,,,
,,,,,,,,,,,,,,,,,,,,,,,,
,,,,,,,,,,,,,,,,,,,,,,,,
,,,,,,,,,,,,,,,,,,,,,,,,
,,,,,,,,,,,,,,,,,,,,,,,,
,,,,,,,,,,,,,,,,,,,,,,,,
,,,,,,,,,,,,,,,,,,,,,,,,
,,,,,,,,,,,,,,,,,,,,,,,,
,,,,,,,,,,,,,,,,,,,,,,,,
,,,,,,,,,,,,,,,,,,,,,,,,
,,,,,,,,,,,,,,,,,,,,,,,,
,,,,,,,,,,,,,,,,,,,,,,,,
,,,,,,,,,,,,,,,,,,,,,,,,
,,,,,,,,,,,,,,,,,,,,,,,,
,,,,,,,,,,,,,,,,,,,,,,,,
,,,,,,,,,,,,,,,,,,,,,,,,
,,,,,,,,,,,,,,,,,,,,,,,,
,,,,,,,,,,,,,,,,,,,,,,,,
,,,,,,,,,,,,,,,,,,,,,,,,
,,,,,,,,,,,,,,,,,,,,,,,,
,,,,,,,,,,,,,,,,,,,,,,,,
,,,,,,,,,,,,,,,,,,,,,,,,
,,,,,,,,,,,,,,,,,,,,,,,,
,,,,,,,,,,,,,,,,,,,,,,,,
,,,,,,,,,,,,,,,,,,,,,,,,
,,,,,,,,,,,,,,,,,,,,,,,,
,,,,,,,,,,,,,,,,,,,,,,,,
,,,,,,,,,,,,,,,,,,,,,,,,
,,,,,,,,,,,,,,,,,,,,,,,,
,,,,,,,,,,,,,,,,,,,,,,,,
,,,,,,,,,,,,,,,,,,,,,,,,
,,,,,,,,,,,,,,,,,,,,,,,,
,,,,,,,,,,,,,,,,,,,,,,,,
,,,,,,,,,,,,,,,,,,,,,,,,
,,,,,,,,,,,,,,,,,,,,,,,,
,,,,,,,,,,,,,,,,,,,,,,,,
,,,,,,,,,,,,,,,,,,,,,,,,
,,,,,,,,,,,,,,,,,,,,,,,,
,,,,,,,,,,,,,,,,,,,,,,,,
,,,,,,,,,,,,,,,,,,,,,,,,
,,,,,,,,,,,,,,,,,,,,,,,,
,,,,,,,,,,,,,,,,,,,,,,,,
,,,,,,,,,,,,,,,,,,,,,,,,
,,,,,,,,,,,,,,,,,,,,,,,,
,,,,,,,,,,,,,,,,,,,,,,,,
,,,,,,,,,,,,,,,,,,,,,,,,
,,,,,,,,,,,,,,,,,,,,,,,,
,,,,,,,,,,,,,,,,,,,,,,,,
,,,,,,,,,,,,,,,,,,,,,,,,
,,,,,,,,,,,,,,,,,,,,,,,,
,,,,,,,,,,,,,,,,,,,,,,,,
,,,,,,,,,,,,,,,,,,,,,,,,
,,,,,,,,,,,,,,,,,,,,,,,,
,,,,,,,,,,,,,,,,,,,,,,,,
,,,,,,,,,,,,,,,,,,,,,,,,
,,,,,,,,,,,,,,,,,,,,,,,,
,,,,,,,,,,,,,,,,,,,,,,,,
,,,,,,,,,,,,,,,,,,,,,,,,
,,,,,,,,,,,,,,,,,,,,,,,,
,,,,,,,,,,,,,,,,,,,,,,,,
,,,,,,,,,,,,,,,,,,,,,,,,
,,,,,,,,,,,,,,,,,,,,,,,,
,,,,,,,,,,,,,,,,,,,,,,,,
,,,,,,,,,,,,,,,,,,,,,,,,
,,,,,,,,,,,,,,,,,,,,,,,,
,,,,,,,,,,,,,,,,,,,,,,,,
,,,,,,,,,,,,,,,,,,,,,,,,
,,,,,,,,,,,,,,,,,,,,,,,,
,,,,,,,,,,,,,,,,,,,,,,,,
,,,,,,,,,,,,,,,,,,,,,,,,
,,,,,,,,,,,,,,,,,,,,,,,,
,,,,,,,,,,,,,,,,,,,,,,,,
,,,,,,,,,,,,,,,,,,,,,,,,
,,,,,,,,,,,,,,,,,,,,,,,,
,,,,,,,,,,,,,,,,,,,,,,,,
,,,,,,,,,,,,,,,,,,,,,,,,
,,,,,,,,,,,,,,,,,,,,,,,,
,,,,,,,,,,,,,,,,,,,,,,,,
,,,,,,,,,,,,,,,,,,,,,,,,
,,,,,,,,,,,,,,,,,,,,,,,,
,,,,,,,,,,,,,,,,,,,,,,,,
,,,,,,,,,,,,,,,,,,,,,,,,
,,,,,,,,,,,,,,,,,,,,,,,,
,,,,,,,,,,,,,,,,,,,,,,,,
,,,,,,,,,,,,,,,,,,,,,,,,
,,,,,,,,,,,,,,,,,,,,,,,,
,,,,,,,,,,,,,,,,,,,,,,,,
,,,,,,,,,,,,,,,,,,,,,,,,
,,,,,,,,,,,,,,,,,,,,,,,,
,,,,,,,,,,,,,,,,,,,,,,,,
,,,,,,,,,,,,,,,,,,,,,,,,
,,,,,,,,,,,,,,,,,,,,,,,,
,,,,,,,,,,,,,,,,,,,,,,,,
,,,,,,,,,,,,,,,,,,,,,,,,
,,,,,,,,,,,,,,,,,,,,,,,,
,,,,,,,,,,,,,,,,,,,,,,,,
,,,,,,,,,,,,,,,,,,,,,,,,
,,,,,,,,,,,,,,,,,,,,,,,,
,,,,,,,,,,,,,,,,,,,,,,,,
,,,,,,,,,,,,,,,,,,,,,,,,
,,,,,,,,,,,,,,,,,,,,,,,,
,,,,,,,,,,,,,,,,,,,,,,,,
,,,,,,,,,,,,,,,,,,,,,,,,
,,,,,,,,,,,,,,,,,,,,,,,,
,,,,,,,,,,,,,,,,,,,,,,,,
,,,,,,,,,,,,,,,,,,,,,,,,
,,,,,,,,,,,,,,,,,,,,,,,,
,,,,,,,,,,,,,,,,,,,,,,,,
,,,,,,,,,,,,,,,,,,,,,,,,
,,,,,,,,,,,,,,,,,,,,,,,,
,,,,,,,,,,,,,,,,,,,,,,,,
,,,,,,,,,,,,,,,,,,,,,,,,
,,,,,,,,,,,,,,,,,,,,,,,,
,,,,,,,,,,,,,,,,,,,,,,,,
,,,,,,,,,,,,,,,,,,,,,,,,
,,,,,,,,,,,,,,,,,,,,,,,,
,,,,,,,,,,,,,,,,,,,,,,,,
,,,,,,,,,,,,,,,,,,,,,,,,
,,,,,,,,,,,,,,,,,,,,,,,,
,,,,,,,,,,,,,,,,,,,,,,,,
,,,,,,,,,,,,,,,,,,,,,,,,
,,,,,,,,,,,,,,,,,,,,,,,,
,,,,,,,,,,,,,,,,,,,,,,,,
,,,,,,,,,,,,,,,,,,,,,,,,
,,,,,,,,,,,,,,,,,,,,,,,,
,,,,,,,,,,,,,,,,,,,,,,,,
,,,,,,,,,,,,,,,,,,,,,,,,
,,,,,,,,,,,,,,,,,,,,,,,,
,,,,,,,,,,,,,,,,,,,,,,,,
,,,,,,,,,,,,,,,,,,,,,,,,
,,,,,,,,,,,,,,,,,,,,,,,,
,,,,,,,,,,,,,,,,,,,,,,,,
,,,,,,,,,,,,,,,,,,,,,,,,
,,,,,,,,,,,,,,,,,,,,,,,,
,,,,,,,,,,,,,,,,,,,,,,,,
,,,,,,,,,,,,,,,,,,,,,,,,
,,,,,,,,,,,,,,,,,,,,,,,,
,,,,,,,,,,,,,,,,,,,,,,,,
,,,,,,,,,,,,,,,,,,,,,,,,
,,,,,,,,,,,,,,,,,,,,,,,,
,,,,,,,,,,,,,,,,,,,,,,,,
,,,,,,,,,,,,,,,,,,,,,,,,
,,,,,,,,,,,,,,,,,,,,,,,,
,,,,,,,,,,,,,,,,,,,,,,,,
,,,,,,,,,,,,,,,,,,,,,,,,
,,,,,,,,,,,,,,,,,,,,,,,,
,,,,,,,,,,,,,,,,,,,,,,,,
,,,,,,,,,,,,,,,,,,,,,,,,
,,,,,,,,,,,,,,,,,,,,,,,,
,,,,,,,,,,,,,,,,,,,,,,,,
,,,,,,,,,,,,,,,,,,,,,,,,
,,,,,,,,,,,,,,,,,,,,,,,,
,,,,,,,,,,,,,,,,,,,,,,,,
,,,,,,,,,,,,,,,,,,,,,,,,
,,,,,,,,,,,,,,,,,,,,,,,,
,,,,,,,,,,,,,,,,,,,,,,,,
,,,,,,,,,,,,,,,,,,,,,,,,
,,,,,,,,,,,,,,,,,,,,,,,,
,,,,,,,,,,,,,,,,,,,,,,,,
,,,,,,,,,,,,,,,,,,,,,,,,
,,,,,,,,,,,,,,,,,,,,,,,,
,,,,,,,,,,,,,,,,,,,,,,,,
,,,,,,,,,,,,,,,,,,,,,,,,
,,,,,,,,,,,,,,,,,,,,,,,,
,,,,,,,,,,,,,,,,,,,,,,,,
,,,,,,,,,,,,,,,,,,,,,,,,
,,,,,,,,,,,,,,,,,,,,,,,,
,,,,,,,,,,,,,,,,,,,,,,,,
,,,,,,,,,,,,,,,,,,,,,,,,
,,,,,,,,,,,,,,,,,,,,,,,,
,,,,,,,,,,,,,,,,,,,,,,,,
,,,,,,,,,,,,,,,,,,,,,,,,
,,,,,,,,,,,,,,,,,,,,,,,,
,,,,,,,,,,,,,,,,,,,,,,,,
,,,,,,,,,,,,,,,,,,,,,,,,
,,,,,,,,,,,,,,,,,,,,,,,,
,,,,,,,,,,,,,,,,,,,,,,,,
,,,,,,,,,,,,,,,,,,,,,,,,
,,,,,,,,,,,,,,,,,,,,,,,,
,,,,,,,,,,,,,,,,,,,,,,,,
,,,,,,,,,,,,,,,,,,,,,,,,
,,,,,,,,,,,,,,,,,,,,,,,,
,,,,,,,,,,,,,,,,,,,,,,,,
,,,,,,,,,,,,,,,,,,,,,,,,
,,,,,,,,,,,,,,,,,,,,,,,,
,,,,,,,,,,,,,,,,,,,,,,,,
,,,,,,,,,,,,,,,,,,,,,,,,
,,,,,,,,,,,,,,,,,,,,,,,,
,,,,,,,,,,,,,,,,,,,,,,,,
,,,,,,,,,,,,,,,,,,,,,,,,
,,,,,,,,,,,,,,,,,,,,,,,,
,,,,,,,,,,,,,,,,,,,,,,,,
,,,,,,,,,,,,,,,,,,,,,,,,
,,,,,,,,,,,,,,,,,,,,,,,,
,,,,,,,,,,,,,,,,,,,,,,,,
,,,,,,,,,,,,,,,,,,,,,,,,
,,,,,,,,,,,,,,,,,,,,,,,,
,,,,,,,,,,,,,,,,,,,,,,,,
,,,,,,,,,,,,,,,,,,,,,,,,
,,,,,,,,,,,,,,,,,,,,,,,,
,,,,,,,,,,,,,,,,,,,,,,,,
,,,,,,,,,,,,,,,,,,,,,,,,
,,,,,,,,,,,,,,,,,,,,,,,,
,,,,,,,,,,,,,,,,,,,,,,,,
,,,,,,,,,,,,,,,,,,,,,,,,
,,,,,,,,,,,,,,,,,,,,,,,,
,,,,,,,,,,,,,,,,,,,,,,,,
,,,,,,,,,,,,,,,,,,,,,,,,
,,,,,,,,,,,,,,,,,,,,,,,,
,,,,,,,,,,,,,,,,,,,,,,,,
,,,,,,,,,,,,,,,,,,,,,,,,
,,,,,,,,,,,,,,,,,,,,,,,,
,,,,,,,,,,,,,,,,,,,,,,,,
,,,,,,,,,,,,,,,,,,,,,,,,
,,,,,,,,,,,,,,,,,,,,,,,,
,,,,,,,,,,,,,,,,,,,,,,,,
,,,,,,,,,,,,,,,,,,,,,,,,
,,,,,,,,,,,,,,,,,,,,,,,,
,,,,,,,,,,,,,,,,,,,,,,,,
,,,,,,,,,,,,,,,,,,,,,,,,
,,,,,,,,,,,,,,,,,,,,,,,,
,,,,,,,,,,,,,,,,,,,,,,,,
,,,,,,,,,,,,,,,,,,,,,,,,
,,,,,,,,,,,,,,,,,,,,,,,,
,,,,,,,,,,,,,,,,,,,,,,,,
,,,,,,,,,,,,,,,,,,,,,,,,
,,,,,,,,,,,,,,,,,,,,,,,,
,,,,,,,,,,,,,,,,,,,,,,,,
,,,,,,,,,,,,,,,,,,,,,,,,
,,,,,,,,,,,,,,,,,,,,,,,,
,,,,,,,,,,,,,,,,,,,,,,,,
,,,,,,,,,,,,,,,,,,,,,,,,
,,,,,,,,,,,,,,,,,,,,,,,,
,,,,,,,,,,,,,,,,,,,,,,,,
,,,,,,,,,,,,,,,,,,,,,,,,
,,,,,,,,,,,,,,,,,,,,,,,,
,,,,,,,,,,,,,,,,,,,,,,,,
,,,,,,,,,,,,,,,,,,,,,,,,
,,,,,,,,,,,,,,,,,,,,,,,,
,,,,,,,,,,,,,,,,,,,,,,,,
,,,,,,,,,,,,,,,,,,,,,,,,
,,,,,,,,,,,,,,,,,,,,,,,,
,,,,,,,,,,,,,,,,,,,,,,,,
,,,,,,,,,,,,,,,,,,,,,,,,
,,,,,,,,,,,,,,,,,,,,,,,,
,,,,,,,,,,,,,,,,,,,,,,,,
,,,,,,,,,,,,,,,,,,,,,,,,
,,,,,,,,,,,,,,,,,,,,,,,,
,,,,,,,,,,,,,,,,,,,,,,,,
,,,,,,,,,,,,,,,,,,,,,,,,
,,,,,,,,,,,,,,,,,,,,,,,,
,,,,,,,,,,,,,,,,,,,,,,,,
,,,,,,,,,,,,,,,,,,,,,,,,
,,,,,,,,,,,,,,,,,,,,,,,,
,,,,,,,,,,,,,,,,,,,,,,,,
,,,,,,,,,,,,,,,,,,,,,,,,
,,,,,,,,,,,,,,,,,,,,,,,,
,,,,,,,,,,,,,,,,,,,,,,,,
,,,,,,,,,,,,,,,,,,,,,,,,
,,,,,,,,,,,,,,,,,,,,,,,,
,,,,,,,,,,,,,,,,,,,,,,,,
,,,,,,,,,,,,,,,,,,,,,,,,
,,,,,,,,,,,,,,,,,,,,,,,,
,,,,,,,,,,,,,,,,,,,,,,,,
,,,,,,,,,,,,,,,,,,,,,,,,
,,,,,,,,,,,,,,,,,,,,,,,,
,,,,,,,,,,,,,,,,,,,,,,,,
,,,,,,,,,,,,,,,,,,,,,,,,
,,,,,,,,,,,,,,,,,,,,,,,,
,,,,,,,,,,,,,,,,,,,,,,,,
,,,,,,,,,,,,,,,,,,,,,,,,
,,,,,,,,,,,,,,,,,,,,,,,,
,,,,,,,,,,,,,,,,,,,,,,,,
,,,,,,,,,,,,,,,,,,,,,,,,
,,,,,,,,,,,,,,,,,,,,,,,,
,,,,,,,,,,,,,,,,,,,,,,,,
,,,,,,,,,,,,,,,,,,,,,,,,
,,,,,,,,,,,,,,,,,,,,,,,,
,,,,,,,,,,,,,,,,,,,,,,,,
,,,,,,,,,,,,,,,,,,,,,,,,
,,,,,,,,,,,,,,,,,,,,,,,,
,,,,,,,,,,,,,,,,,,,,,,,,
,,,,,,,,,,,,,,,,,,,,,,,,
,,,,,,,,,,,,,,,,,,,,,,,,
,,,,,,,,,,,,,,,,,,,,,,,,
,,,,,,,,,,,,,,,,,,,,,,,,
,,,,,,,,,,,,,,,,,,,,,,,,
,,,,,,,,,,,,,,,,,,,,,,,,
,,,,,,,,,,,,,,,,,,,,,,,,
,,,,,,,,,,,,,,,,,,,,,,,,
,,,,,,,,,,,,,,,,,,,,,,,,
,,,,,,,,,,,,,,,,,,,,,,,,
,,,,,,,,,,,,,,,,,,,,,,,,
,,,,,,,,,,,,,,,,,,,,,,,,
,,,,,,,,,,,,,,,,,,,,,,,,
,,,,,,,,,,,,,,,,,,,,,,,,
,,,,,,,,,,,,,,,,,,,,,,,,
,,,,,,,,,,,,,,,,,,,,,,,,
,,,,,,,,,,,,,,,,,,,,,,,,
,,,,,,,,,,,,,,,,,,,,,,,,
,,,,,,,,,,,,,,,,,,,,,,,,
,,,,,,,,,,,,,,,,,,,,,,,,
,,,,,,,,,,,,,,,,,,,,,,,,
,,,,,,,,,,,,,,,,,,,,,,,,
,,,,,,,,,,,,,,,,,,,,,,,,
,,,,,,,,,,,,,,,,,,,,,,,,
,,,,,,,,,,,,,,,,,,,,,,,,
,,,,,,,,,,,,,,,,,,,,,,,,
,,,,,,,,,,,,,,,,,,,,,,,,
,,,,,,,,,,,,,,,,,,,,,,,,
,,,,,,,,,,,,,,,,,,,,,,,,
,,,,,,,,,,,,,,,,,,,,,,,,
,,,,,,,,,,,,,,,,,,,,,,,,
,,,,,,,,,,,,,,,,,,,,,,,,
,,,,,,,,,,,,,,,,,,,,,,,,
,,,,,,,,,,,,,,,,,,,,,,,,
,,,,,,,,,,,,,,,,,,,,,,,,
,,,,,,,,,,,,,,,,,,,,,,,,
,,,,,,,,,,,,,,,,,,,,,,,,
,,,,,,,,,,,,,,,,,,,,,,,,
,,,,,,,,,,,,,,,,,,,,,,,,
,,,,,,,,,,,,,,,,,,,,,,,,
,,,,,,,,,,,,,,,,,,,,,,,,
,,,,,,,,,,,,,,,,,,,,,,,,
,,,,,,,,,,,,,,,,,,,,,,,,
,,,,,,,,,,,,,,,,,,,,,,,,
,,,,,,,,,,,,,,,,,,,,,,,,
,,,,,,,,,,,,,,,,,,,,,,,,
,,,,,,,,,,,,,,,,,,,,,,,,
,,,,,,,,,,,,,,,,,,,,,,,,
,,,,,,,,,,,,,,,,,,,,,,,,
,,,,,,,,,,,,,,,,,,,,,,,,
,,,,,,,,,,,,,,,,,,,,,,,,
,,,,,,,,,,,,,,,,,,,,,,,,
,,,,,,,,,,,,,,,,,,,,,,,,
,,,,,,,,,,,,,,,,,,,,,,,,
,,,,,,,,,,,,,,,,,,,,,,,,
,,,,,,,,,,,,,,,,,,,,,,,,
,,,,,,,,,,,,,,,,,,,,,,,,
,,,,,,,,,,,,,,,,,,,,,,,,
,,,,,,,,,,,,,,,,,,,,,,,,
,,,,,,,,,,,,,,,,,,,,,,,,
,,,,,,,,,,,,,,,,,,,,,,,,
,,,,,,,,,,,,,,,,,,,,,,,,
,,,,,,,,,,,,,,,,,,,,,,,,
,,,,,,,,,,,,,,,,,,,,,,,,
,,,,,,,,,,,,,,,,,,,,,,,,
,,,,,,,,,,,,,,,,,,,,,,,,
,,,,,,,,,,,,,,,,,,,,,,,,
,,,,,,,,,,,,,,,,,,,,,,,,
,,,,,,,,,,,,,,,,,,,,,,,,
,,,,,,,,,,,,,,,,,,,,,,,,
,,,,,,,,,,,,,,,,,,,,,,,,
,,,,,,,,,,,,,,,,,,,,,,,,
,,,,,,,,,,,,,,,,,,,,,,,,
,,,,,,,,,,,,,,,,,,,,,,,,
,,,,,,,,,,,,,,,,,,,,,,,,
,,,,,,,,,,,,,,,,,,,,,,,,
,,,,,,,,,,,,,,,,,,,,,,,,
,,,,,,,,,,,,,,,,,,,,,,,,
,,,,,,,,,,,,,,,,,,,,,,,,
,,,,,,,,,,,,,,,,,,,,,,,,
,,,,,,,,,,,,,,,,,,,,,,,,
,,,,,,,,,,,,,,,,,,,,,,,,
,,,,,,,,,,,,,,,,,,,,,,,,
,,,,,,,,,,,,,,,,,,,,,,,,
,,,,,,,,,,,,,,,,,,,,,,,,
,,,,,,,,,,,,,,,,,,,,,,,,
,,,,,,,,,,,,,,,,,,,,,,,,
,,,,,,,,,,,,,,,,,,,,,,,,
,,,,,,,,,,,,,,,,,,,,,,,,
,,,,,,,,,,,,,,,,,,,,,,,,
,,,,,,,,,,,,,,,,,,,,,,,,
,,,,,,,,,,,,,,,,,,,,,,,,
,,,,,,,,,,,,,,,,,,,,,,,,
,,,,,,,,,,,,,,,,,,,,,,,,
,,,,,,,,,,,,,,,,,,,,,,,,
,,,,,,,,,,,,,,,,,,,,,,,,
,,,,,,,,,,,,,,,,,,,,,,,,
,,,,,,,,,,,,,,,,,,,,,,,,
,,,,,,,,,,,,,,,,,,,,,,,,
,,,,,,,,,,,,,,,,,,,,,,,,
,,,,,,,,,,,,,,,,,,,,,,,,
,,,,,,,,,,,,,,,,,,,,,,,,
,,,,,,,,,,,,,,,,,,,,,,,,
,,,,,,,,,,,,,,,,,,,,,,,,
,,,,,,,,,,,,,,,,,,,,,,,,
,,,,,,,,,,,,,,,,,,,,,,,,
,,,,,,,,,,,,,,,,,,,,,,,,
,,,,,,,,,,,,,,,,,,,,,,,,
,,,,,,,,,,,,,,,,,,,,,,,,
,,,,,,,,,,,,,,,,,,,,,,,,
,,,,,,,,,,,,,,,,,,,,,,,,
,,,,,,,,,,,,,,,,,,,,,,,,
,,,,,,,,,,,,,,,,,,,,,,,,
,,,,,,,,,,,,,,,,,,,,,,,,
,,,,,,,,,,,,,,,,,,,,,,,,
,,,,,,,,,,,,,,,,,,,,,,,,
,,,,,,,,,,,,,,,,,,,,,,,,
,,,,,,,,,,,,,,,,,,,,,,,,
,,,,,,,,,,,,,,,,,,,,,,,,
,,,,,,,,,,,,,,,,,,,,,,,,
,,,,,,,,,,,,,,,,,,,,,,,,
,,,,,,,,,,,,,,,,,,,,,,,,
,,,,,,,,,,,,,,,,,,,,,,,,
,,,,,,,,,,,,,,,,,,,,,,,,
,,,,,,,,,,,,,,,,,,,,,,,,
,,,,,,,,,,,,,,,,,,,,,,,,
,,,,,,,,,,,,,,,,,,,,,,,,
,,,,,,,,,,,,,,,,,,,,,,,,
,,,,,,,,,,,,,,,,,,,,,,,,
,,,,,,,,,,,,,,,,,,,,,,,,
,,,,,,,,,,,,,,,,,,,,,,,,
,,,,,,,,,,,,,,,,,,,,,,,,
,,,,,,,,,,,,,,,,,,,,,,,,
,,,,,,,,,,,,,,,,,,,,,,,,
,,,,,,,,,,,,,,,,,,,,,,,,
,,,,,,,,,,,,,,,,,,,,,,,,
,,,,,,,,,,,,,,,,,,,,,,,,
,,,,,,,,,,,,,,,,,,,,,,,,
,,,,,,,,,,,,,,,,,,,,,,,,
,,,,,,,,,,,,,,,,,,,,,,,,
,,,,,,,,,,,,,,,,,,,,,,,,
,,,,,,,,,,,,,,,,,,,,,,,,
,,,,,,,,,,,,,,,,,,,,,,,,
,,,,,,,,,,,,,,,,,,,,,,,,
,,,,,,,,,,,,,,,,,,,,,,,,
,,,,,,,,,,,,,,,,,,,,,,,,
,,,,,,,,,,,,,,,,,,,,,,,,
,,,,,,,,,,,,,,,,,,,,,,,,
,,,,,,,,,,,,,,,,,,,,,,,,
,,,,,,,,,,,,,,,,,,,,,,,,
,,,,,,,,,,,,,,,,,,,,,,,,
,,,,,,,,,,,,,,,,,,,,,,,,
,,,,,,,,,,,,,,,,,,,,,,,,
,,,,,,,,,,,,,,,,,,,,,,,,
,,,,,,,,,,,,,,,,,,,,,,,,
,,,,,,,,,,,,,,,,,,,,,,,,
,,,,,,,,,,,,,,,,,,,,,,,,
,,,,,,,,,,,,,,,,,,,,,,,,
,,,,,,,,,,,,,,,,,,,,,,,,
,,,,,,,,,,,,,,,,,,,,,,,,
,,,,,,,,,,,,,,,,,,,,,,,,
,,,,,,,,,,,,,,,,,,,,,,,,
,,,,,,,,,,,,,,,,,,,,,,,,
,,,,,,,,,,,,,,,,,,,,,,,,
,,,,,,,,,,,,,,,,,,,,,,,,
,,,,,,,,,,,,,,,,,,,,,,,,
,,,,,,,,,,,,,,,,,,,,,,,,
,,,,,,,,,,,,,,,,,,,,,,,,
,,,,,,,,,,,,,,,,,,,,,,,,
,,,,,,,,,,,,,,,,,,,,,,,,
,,,,,,,,,,,,,,,,,,,,,,,,
,,,,,,,,,,,,,,,,,,,,,,,,
,,,,,,,,,,,,,,,,,,,,,,,,
,,,,,,,,,,,,,,,,,,,,,,,,
,,,,,,,,,,,,,,,,,,,,,,,,
,,,,,,,,,,,,,,,,,,,,,,,,
,,,,,,,,,,,,,,,,,,,,,,,,
,,,,,,,,,,,,,,,,,,,,,,,,
,,,,,,,,,,,,,,,,,,,,,,,,
,,,,,,,,,,,,,,,,,,,,,,,,
,,,,,,,,,,,,,,,,,,,,,,,,
,,,,,,,,,,,,,,,,,,,,,,,,
,,,,,,,,,,,,,,,,,,,,,,,,
,,,,,,,,,,,,,,,,,,,,,,,,
,,,,,,,,,,,,,,,,,,,,,,,,
,,,,,,,,,,,,,,,,,,,,,,,,
,,,,,,,,,,,,,,,,,,,,,,,,
,,,,,,,,,,,,,,,,,,,,,,,,
,,,,,,,,,,,,,,,,,,,,,,,,
,,,,,,,,,,,,,,,,,,,,,,,,
,,,,,,,,,,,,,,,,,,,,,,,,
,,,,,,,,,,,,,,,,,,,,,,,,
,,,,,,,,,,,,,,,,,,,,,,,,
,,,,,,,,,,,,,,,,,,,,,,,,
,,,,,,,,,,,,,,,,,,,,,,,,
,,,,,,,,,,,,,,,,,,,,,,,,
,,,,,,,,,,,,,,,,,,,,,,,,
,,,,,,,,,,,,,,,,,,,,,,,,
,,,,,,,,,,,,,,,,,,,,,,,,
,,,,,,,,,,,,,,,,,,,,,,,,
,,,,,,,,,,,,,,,,,,,,,,,,
,,,,,,,,,,,,,,,,,,,,,,,,
,,,,,,,,,,,,,,,,,,,,,,,,
,,,,,,,,,,,,,,,,,,,,,,,,
,,,,,,,,,,,,,,,,,,,,,,,,
,,,,,,,,,,,,,,,,,,,,,,,,
,,,,,,,,,,,,,,,,,,,,,,,,
,,,,,,,,,,,,,,,,,,,,,,,,
,,,,,,,,,,,,,,,,,,,,,,,,
,,,,,,,,,,,,,,,,,,,,,,,,
,,,,,,,,,,,,,,,,,,,,,,,,
,,,,,,,,,,,,,,,,,,,,,,,,
,,,,,,,,,,,,,,,,,,,,,,,,
,,,,,,,,,,,,,,,,,,,,,,,,
,,,,,,,,,,,,,,,,,,,,,,,,
,,,,,,,,,,,,,,,,,,,,,,,,
,,,,,,,,,,,,,,,,,,,,,,,,
,,,,,,,,,,,,,,,,,,,,,,,,
,,,,,,,,,,,,,,,,,,,,,,,,
,,,,,,,,,,,,,,,,,,,,,,,,
,,,,,,,,,,,,,,,,,,,,,,,,
,,,,,,,,,,,,,,,,,,,,,,,,
,,,,,,,,,,,,,,,,,,,,,,,,
,,,,,,,,,,,,,,,,,,,,,,,,
,,,,,,,,,,,,,,,,,,,,,,,,
,,,,,,,,,,,,,,,,,,,,,,,,
,,,,,,,,,,,,,,,,,,,,,,,,
,,,,,,,,,,,,,,,,,,,,,,,,
,,,,,,,,,,,,,,,,,,,,,,,,
,,,,,,,,,,,,,,,,,,,,,,,,
,,,,,,,,,,,,,,,,,,,,,,,,
,,,,,,,,,,,,,,,,,,,,,,,,
,,,,,,,,,,,,,,,,,,,,,,,,
,,,,,,,,,,,,,,,,,,,,,,,,
,,,,,,,,,,,,,,,,,,,,,,,,
,,,,,,,,,,,,,,,,,,,,,,,,
,,,,,,,,,,,,,,,,,,,,,,,,
,,,,,,,,,,,,,,,,,,,,,,,,
,,,,,,,,,,,,,,,,,,,,,,,,
,,,,,,,,,,,,,,,,,,,,,,,,
,,,,,,,,,,,,,,,,,,,,,,,,
,,,,,,,,,,,,,,,,,,,,,,,,
,,,,,,,,,,,,,,,,,,,,,,,,
,,,,,,,,,,,,,,,,,,,,,,,,
,,,,,,,,,,,,,,,,,,,,,,,,
,,,,,,,,,,,,,,,,,,,,,,,,
,,,,,,,,,,,,,,,,,,,,,,,,
,,,,,,,,,,,,,,,,,,,,,,,,
,,,,,,,,,,,,,,,,,,,,,,,,
,,,,,,,,,,,,,,,,,,,,,,,,
,,,,,,,,,,,,,,,,,,,,,,,,
,,,,,,,,,,,,,,,,,,,,,,,,
,,,,,,,,,,,,,,,,,,,,,,,,
,,,,,,,,,,,,,,,,,,,,,,,,
,,,,,,,,,,,,,,,,,,,,,,,,
,,,,,,,,,,,,,,,,,,,,,,,,
,,,,,,,,,,,,,,,,,,,,,,,,
,,,,,,,,,,,,,,,,,,,,,,,,
,,,,,,,,,,,,,,,,,,,,,,,,
,,,,,,,,,,,,,,,,,,,,,,,,
,,,,,,,,,,,,,,,,,,,,,,,,
,,,,,,,,,,,,,,,,,,,,,,,,
,,,,,,,,,,,,,,,,,,,,,,,,
,,,,,,,,,,,,,,,,,,,,,,,,
,,,,,,,,,,,,,,,,,,,,,,,,
,,,,,,,,,,,,,,,,,,,,,,,,
,,,,,,,,,,,,,,,,,,,,,,,,
,,,,,,,,,,,,,,,,,,,,,,,,
,,,,,,,,,,,,,,,,,,,,,,,,
,,,,,,,,,,,,,,,,,,,,,,,,
,,,,,,,,,,,,,,,,,,,,,,,,
,,,,,,,,,,,,,,,,,,,,,,,,
,,,,,,,,,,,,,,,,,,,,,,,,
,,,,,,,,,,,,,,,,,,,,,,,,
,,,,,,,,,,,,,,,,,,,,,,,,
,,,,,,,,,,,,,,,,,,,,,,,,
,,,,,,,,,,,,,,,,,,,,,,,,
,,,,,,,,,,,,,,,,,,,,,,,,
,,,,,,,,,,,,,,,,,,,,,,,,
,,,,,,,,,,,,,,,,,,,,,,,,
,,,,,,,,,,,,,,,,,,,,,,,,
,,,,,,,,,,,,,,,,,,,,,,,,
,,,,,,,,,,,,,,,,,,,,,,,,
,,,,,,,,,,,,,,,,,,,,,,,,
,,,,,,,,,,,,,,,,,,,,,,,,
,,,,,,,,,,,,,,,,,,,,,,,,
,,,,,,,,,,,,,,,,,,,,,,,,
,,,,,,,,,,,,,,,,,,,,,,,,
,,,,,,,,,,,,,,,,,,,,,,,,
,,,,,,,,,,,,,,,,,,,,,,,,
,,,,,,,,,,,,,,,,,,,,,,,,
,,,,,,,,,,,,,,,,,,,,,,,,
,,,,,,,,,,,,,,,,,,,,,,,,
,,,,,,,,,,,,,,,,,,,,,,,,
,,,,,,,,,,,,,,,,,,,,,,,,
,,,,,,,,,,,,,,,,,,,,,,,,
,,,,,,,,,,,,,,,,,,,,,,,,
,,,,,,,,,,,,,,,,,,,,,,,,
,,,,,,,,,,,,,,,,,,,,,,,,
,,,,,,,,,,,,,,,,,,,,,,,,
,,,,,,,,,,,,,,,,,,,,,,,,
,,,,,,,,,,,,,,,,,,,,,,,,
,,,,,,,,,,,,,,,,,,,,,,,,
,,,,,,,,,,,,,,,,,,,,,,,,
,,,,,,,,,,,,,,,,,,,,,,,,
,,,,,,,,,,,,,,,,,,,,,,,,
,,,,,,,,,,,,,,,,,,,,,,,,
,,,,,,,,,,,,,,,,,,,,,,,,
,,,,,,,,,,,,,,,,,,,,,,,,
,,,,,,,,,,,,,,,,,,,,,,,,
,,,,,,,,,,,,,,,,,,,,,,,,
,,,,,,,,,,,,,,,,,,,,,,,,
,,,,,,,,,,,,,,,,,,,,,,,,
,,,,,,,,,,,,,,,,,,,,,,,,
,,,,,,,,,,,,,,,,,,,,,,,,
,,,,,,,,,,,,,,,,,,,,,,,,
,,,,,,,,,,,,,,,,,,,,,,,,
,,,,,,,,,,,,,,,,,,,,,,,,
,,,,,,,,,,,,,,,,,,,,,,,,
,,,,,,,,,,,,,,,,,,,,,,,,
,,,,,,,,,,,,,,,,,,,,,,,,
,,,,,,,,,,,,,,,,,,,,,,,,
,,,,,,,,,,,,,,,,,,,,,,,,
,,,,,,,,,,,,,,,,,,,,,,,,
,,,,,,,,,,,,,,,,,,,,,,,,
,,,,,,,,,,,,,,,,,,,,,,,,
,,,,,,,,,,,,,,,,,,,,,,,,
,,,,,,,,,,,,,,,,,,,,,,,,
,,,,,,,,,,,,,,,,,,,,,,,,
,,,,,,,,,,,,,,,,,,,,,,,,
,,,,,,,,,,,,,,,,,,,,,,,,
,,,,,,,,,,,,,,,,,,,,,,,,
,,,,,,,,,,,,,,,,,,,,,,,,
,,,,,,,,,,,,,,,,,,,,,,,,
,,,,,,,,,,,,,,,,,,,,,,,,
,,,,,,,,,,,,,,,,,,,,,,,,
,,,,,,,,,,,,,,,,,,,,,,,,
,,,,,,,,,,,,,,,,,,,,,,,,
,,,,,,,,,,,,,,,,,,,,,,,,
,,,,,,,,,,,,,,,,,,,,,,,,
,,,,,,,,,,,,,,,,,,,,,,,,
,,,,,,,,,,,,,,,,,,,,,,,,
,,,,,,,,,,,,,,,,,,,,,,,,
,,,,,,,,,,,,,,,,,,,,,,,,
,,,,,,,,,,,,,,,,,,,,,,,,
,,,,,,,,,,,,,,,,,,,,,,,,
,,,,,,,,,,,,,,,,,,,,,,,,
,,,,,,,,,,,,,,,,,,,,,,,,
,,,,,,,,,,,,,,,,,,,,,,,,
,,,,,,,,,,,,,,,,,,,,,,,,
,,,,,,,,,,,,,,,,,,,,,,,,
,,,,,,,,,,,,,,,,,,,,,,,,
,,,,,,,,,,,,,,,,,,,,,,,,
,,,,,,,,,,,,,,,,,,,,,,,,
,,,,,,,,,,,,,,,,,,,,,,,,
,,,,,,,,,,,,,,,,,,,,,,,,
,,,,,,,,,,,,,,,,,,,,,,,,
,,,,,,,,,,,,,,,,,,,,,,,,
,,,,,,,,,,,,,,,,,,,,,,,,
,,,,,,,,,,,,,,,,,,,,,,,,
,,,,,,,,,,,,,,,,,,,,,,,,
,,,,,,,,,,,,,,,,,,,,,,,,
,,,,,,,,,,,,,,,,,,,,,,,,
,,,,,,,,,,,,,,,,,,,,,,,,
,,,,,,,,,,,,,,,,,,,,,,,,
,,,,,,,,,,,,,,,,,,,,,,,,
,,,,,,,,,,,,,,,,,,,,,,,,
,,,,,,,,,,,,,,,,,,,,,,,,
,,,,,,,,,,,,,,,,,,,,,,,,
,,,,,,,,,,,,,,,,,,,,,,,,
,,,,,,,,,,,,,,,,,,,,,,,,
,,,,,,,,,,,,,,,,,,,,,,,,
,,,,,,,,,,,,,,,,,,,,,,,,
,,,,,,,,,,,,,,,,,,,,,,,,
,,,,,,,,,,,,,,,,,,,,,,,,
,,,,,,,,,,,,,,,,,,,,,,,,
,,,,,,,,,,,,,,,,,,,,,,,,
,,,,,,,,,,,,,,,,,,,,,,,,
,,,,,,,,,,,,,,,,,,,,,,,,
,,,,,,,,,,,,,,,,,,,,,,,,
,,,,,,,,,,,,,,,,,,,,,,,,
,,,,,,,,,,,,,,,,,,,,,,,,
,,,,,,,,,,,,,,,,,,,,,,,,
,,,,,,,,,,,,,,,,,,,,,,,,
,,,,,,,,,,,,,,,,,,,,,,,,
,,,,,,,,,,,,,,,,,,,,,,,,
,,,,,,,,,,,,,,,,,,,,,,,,
,,,,,,,,,,,,,,,,,,,,,,,,
,,,,,,,,,,,,,,,,,,,,,,,,
,,,,,,,,,,,,,,,,,,,,,,,,
,,,,,,,,,,,,,,,,,,,,,,,,
,,,,,,,,,,,,,,,,,,,,,,,,
,,,,,,,,,,,,,,,,,,,,,,,,
,,,,,,,,,,,,,,,,,,,,,,,,
,,,,,,,,,,,,,,,,,,,,,,,,
,,,,,,,,,,,,,,,,,,,,,,,,
,,,,,,,,,,,,,,,,,,,,,,,,
,,,,,,,,,,,,,,,,,,,,,,,,
,,,,,,,,,,,,,,,,,,,,,,,,
,,,,,,,,,,,,,,,,,,,,,,,,
,,,,,,,,,,,,,,,,,,,,,,,,
,,,,,,,,,,,,,,,,,,,,,,,,
,,,,,,,,,,,,,,,,,,,,,,,,
,,,,,,,,,,,,,,,,,,,,,,,,
,,,,,,,,,,,,,,,,,,,,,,,,
,,,,,,,,,,,,,,,,,,,,,,,,
,,,,,,,,,,,,,,,,,,,,,,,,
,,,,,,,,,,,,,,,,,,,,,,,,
,,,,,,,,,,,,,,,,,,,,,,,,
,,,,,,,,,,,,,,,,,,,,,,,,
,,,,,,,,,,,,,,,,,,,,,,,,
,,,,,,,,,,,,,,,,,,,,,,,,
,,,,,,,,,,,,,,,,,,,,,,,,
,,,,,,,,,,,,,,,,,,,,,,,,
,,,,,,,,,,,,,,,,,,,,,,,,
,,,,,,,,,,,,,,,,,,,,,,,,
,,,,,,,,,,,,,,,,,,,,,,,,
,,,,,,,,,,,,,,,,,,,,,,,,
,,,,,,,,,,,,,,,,,,,,,,,,
,,,,,,,,,,,,,,,,,,,,,,,,
,,,,,,,,,,,,,,,,,,,,,,,,
,,,,,,,,,,,,,,,,,,,,,,,,
,,,,,,,,,,,,,,,,,,,,,,,,
,,,,,,,,,,,,,,,,,,,,,,,,
,,,,,,,,,,,,,,,,,,,,,,,,
,,,,,,,,,,,,,,,,,,,,,,,,
,,,,,,,,,,,,,,,,,,,,,,,,
,,,,,,,,,,,,,,,,,,,,,,,,
,,,,,,,,,,,,,,,,,,,,,,,,
,,,,,,,,,,,,,,,,,,,,,,,,
,,,,,,,,,,,,,,,,,,,,,,,,
,,,,,,,,,,,,,,,,,,,,,,,,
,,,,,,,,,,,,,,,,,,,,,,,,
,,,,,,,,,,,,,,,,,,,,,,,,
,,,,,,,,,,,,,,,,,,,,,,,,
,,,,,,,,,,,,,,,,,,,,,,,,
,,,,,,,,,,,,,,,,,,,,,,,,
,,,,,,,,,,,,,,,,,,,,,,,,
,,,,,,,,,,,,,,,,,,,,,,,,
,,,,,,,,,,,,,,,,,,,,,,,,
,,,,,,,,,,,,,,,,,,,,,,,,
,,,,,,,,,,,,,,,,,,,,,,,,
,,,,,,,,,,,,,,,,,,,,,,,,
,,,,,,,,,,,,,,,,,,,,,,,,
,,,,,,,,,,,,,,,,,,,,,,,,
,,,,,,,,,,,,,,,,,,,,,,,,
,,,,,,,,,,,,,,,,,,,,,,,,
,,,,,,,,,,,,,,,,,,,,,,,,
,,,,,,,,,,,,,,,,,,,,,,,,
,,,,,,,,,,,,,,,,,,,,,,,,
,,,,,,,,,,,,,,,,,,,,,,,,
,,,,,,,,,,,,,,,,,,,,,,,,
,,,,,,,,,,,,,,,,,,,,,,,,
,,,,,,,,,,,,,,,,,,,,,,,,
,,,,,,,,,,,,,,,,,,,,,,,,
,,,,,,,,,,,,,,,,,,,,,,,,
,,,,,,,,,,,,,,,,,,,,,,,,
,,,,,,,,,,,,,,,,,,,,,,,,
,,,,,,,,,,,,,,,,,,,,,,,,
,,,,,,,,,,,,,,,,,,,,,,,,
,,,,,,,,,,,,,,,,,,,,,,,,
,,,,,,,,,,,,,,,,,,,,,,,,
,,,,,,,,,,,,,,,,,,,,,,,,
,,,,,,,,,,,,,,,,,,,,,,,,
,,,,,,,,,,,,,,,,,,,,,,,,
,,,,,,,,,,,,,,,,,,,,,,,,
,,,,,,,,,,,,,,,,,,,,,,,,
,,,,,,,,,,,,,,,,,,,,,,,,
,,,,,,,,,,,,,,,,,,,,,,,,
,,,,,,,,,,,,,,,,,,,,,,,,
,,,,,,,,,,,,,,,,,,,,,,,,
,,,,,,,,,,,,,,,,,,,,,,,,
,,,,,,,,,,,,,,,,,,,,,,,,
,,,,,,,,,,,,,,,,,,,,,,,,
,,,,,,,,,,,,,,,,,,,,,,,,
,,,,,,,,,,,,,,,,,,,,,,,,
,,,,,,,,,,,,,,,,,,,,,,,,
,,,,,,,,,,,,,,,,,,,,,,,,
,,,,,,,,,,,,,,,,,,,,,,,,
,,,,,,,,,,,,,,,,,,,,,,,,
,,,,,,,,,,,,,,,,,,,,,,,,
,,,,,,,,,,,,,,,,,,,,,,,,
,,,,,,,,,,,,,,,,,,,,,,,,
,,,,,,,,,,,,,,,,,,,,,,,,
,,,,,,,,,,,,,,,,,,,,,,,,
,,,,,,,,,,,,,,,,,,,,,,,,
,,,,,,,,,,,,,,,,,,,,,,,,
,,,,,,,,,,,,,,,,,,,,,,,,
,,,,,,,,,,,,,,,,,,,,,,,,
,,,,,,,,,,,,,,,,,,,,,,,,
,,,,,,,,,,,,,,,,,,,,,,,,
,,,,,,,,,,,,,,,,,,,,,,,,
,,,,,,,,,,,,,,,,,,,,,,,,
,,,,,,,,,,,,,,,,,,,,,,,,
,,,,,,,,,,,,,,,,,,,,,,,,
,,,,,,,,,,,,,,,,,,,,,,,,
,,,,,,,,,,,,,,,,,,,,,,,,
,,,,,,,,,,,,,,,,,,,,,,,,
,,,,,,,,,,,,,,,,,,,,,,,,
,,,,,,,,,,,,,,,,,,,,,,,,
,,,,,,,,,,,,,,,,,,,,,,,,
,,,,,,,,,,,,,,,,,,,,,,,,
,,,,,,,,,,,,,,,,,,,,,,,,
,,,,,,,,,,,,,,,,,,,,,,,,
,,,,,,,,,,,,,,,,,,,,,,,,
,,,,,,,,,,,,,,,,,,,,,,,,
,,,,,,,,,,,,,,,,,,,,,,,,
,,,,,,,,,,,,,,,,,,,,,,,,
,,,,,,,,,,,,,,,,,,,,,,,,
,,,,,,,,,,,,,,,,,,,,,,,,
,,,,,,,,,,,,,,,,,,,,,,,,
,,,,,,,,,,,,,,,,,,,,,,,,
,,,,,,,,,,,,,,,,,,,,,,,,
,,,,,,,,,,,,,,,,,,,,,,,,
,,,,,,,,,,,,,,,,,,,,,,,,
,,,,,,,,,,,,,,,,,,,,,,,,
,,,,,,,,,,,,,,,,,,,,,,,,
,,,,,,,,,,,,,,,,,,,,,,,,
,,,,,,,,,,,,,,,,,,,,,,,,
,,,,,,,,,,,,,,,,,,,,,,,,
,,,,,,,,,,,,,,,,,,,,,,,,
,,,,,,,,,,,,,,,,,,,,,,,,
,,,,,,,,,,,,,,,,,,,,,,,,
,,,,,,,,,,,,,,,,,,,,,,,,
,,,,,,,,,,,,,,,,,,,,,,,,
,,,,,,,,,,,,,,,,,,,,,,,,
,,,,,,,,,,,,,,,,,,,,,,,,
,,,,,,,,,,,,,,,,,,,,,,,,
,,,,,,,,,,,,,,,,,,,,,,,,
,,,,,,,,,,,,,,,,,,,,,,,,
,,,,,,,,,,,,,,,,,,,,,,,,
,,,,,,,,,,,,,,,,,,,,,,,,
,,,,,,,,,,,,,,,,,,,,,,,,
,,,,,,,,,,,,,,,,,,,,,,,,
,,,,,,,,,,,,,,,,,,,,,,,,
,,,,,,,,,,,,,,,,,,,,,,,,
,,,,,,,,,,,,,,,,,,,,,,,,
,,,,,,,,,,,,,,,,,,,,,,,,
,,,,,,,,,,,,,,,,,,,,,,,,
,,,,,,,,,,,,,,,,,,,,,,,,
,,,,,,,,,,,,,,,,,,,,,,,,
,,,,,,,,,,,,,,,,,,,,,,,,
,,,,,,,,,,,,,,,,,,,,,,,,
,,,,,,,,,,,,,,,,,,,,,,,,
,,,,,,,,,,,,,,,,,,,,,,,,
,,,,,,,,,,,,,,,,,,,,,,,,
,,,,,,,,,,,,,,,,,,,,,,,,
,,,,,,,,,,,,,,,,,,,,,,,,
,,,,,,,,,,,,,,,,,,,,,,,,
,,,,,,,,,,,,,,,,,,,,,,,,
,,,,,,,,,,,,,,,,,,,,,,,,
,,,,,,,,,,,,,,,,,,,,,,,,
,,,,,,,,,,,,,,,,,,,,,,,,
,,,,,,,,,,,,,,,,,,,,,,,,
,,,,,,,,,,,,,,,,,,,,,,,,
,,,,,,,,,,,,,,,,,,,,,,,,
,,,,,,,,,,,,,,,,,,,,,,,,
,,,,,,,,,,,,,,,,,,,,,,,,
,,,,,,,,,,,,,,,,,,,,,,,,
,,,,,,,,,,,,,,,,,,,,,,,,
,,,,,,,,,,,,,,,,,,,,,,,,
,,,,,,,,,,,,,,,,,,,,,,,,
,,,,,,,,,,,,,,,,,,,,,,,,
,,,,,,,,,,,,,,,,,,,,,,,,
,,,,,,,,,,,,,,,,,,,,,,,,
,,,,,,,,,,,,,,,,,,,,,,,,
,,,,,,,,,,,,,,,,,,,,,,,,
,,,,,,,,,,,,,,,,,,,,,,,,
,,,,,,,,,,,,,,,,,,,,,,,,
,,,,,,,,,,,,,,,,,,,,,,,,
,,,,,,,,,,,,,,,,,,,,,,,,
,,,,,,,,,,,,,,,,,,,,,,,,
,,,,,,,,,,,,,,,,,,,,,,,,
,,,,,,,,,,,,,,,,,,,,,,,,
,,,,,,,,,,,,,,,,,,,,,,,,
,,,,,,,,,,,,,,,,,,,,,,,,
,,,,,,,,,,,,,,,,,,,,,,,,
,,,,,,,,,,,,,,,,,,,,,,,,
,,,,,,,,,,,,,,,,,,,,,,,,
,,,,,,,,,,,,,,,,,,,,,,,,
,,,,,,,,,,,,,,,,,,,,,,,,
,,,,,,,,,,,,,,,,,,,,,,,,
,,,,,,,,,,,,,,,,,,,,,,,,
,,,,,,,,,,,,,,,,,,,,,,,,
,,,,,,,,,,,,,,,,,,,,,,,,
,,,,,,,,,,,,,,,,,,,,,,,,
,,,,,,,,,,,,,,,,,,,,,,,,
,,,,,,,,,,,,,,,,,,,,,,,,
,,,,,,,,,,,,,,,,,,,,,,,,
,,,,,,,,,,,,,,,,,,,,,,,,
,,,,,,,,,,,,,,,,,,,,,,,,
,,,,,,,,,,,,,,,,,,,,,,,,
,,,,,,,,,,,,,,,,,,,,,,,,
,,,,,,,,,,,,,,,,,,,,,,,,
,,,,,,,,,,,,,,,,,,,,,,,,
,,,,,,,,,,,,,,,,,,,,,,,,
,,,,,,,,,,,,,,,,,,,,,,,,
,,,,,,,,,,,,,,,,,,,,,,,,
,,,,,,,,,,,,,,,,,,,,,,,,
,,,,,,,,,,,,,,,,,,,,,,,,
,,,,,,,,,,,,,,,,,,,,,,,,
,,,,,,,,,,,,,,,,,,,,,,,,
,,,,,,,,,,,,,,,,,,,,,,,,
,,,,,,,,,,,,,,,,,,,,,,,,
,,,,,,,,,,,,,,,,,,,,,,,,
,,,,,,,,,,,,,,,,,,,,,,,,
,,,,,,,,,,,,,,,,,,,,,,,,
,,,,,,,,,,,,,,,,,,,,,,,,
,,,,,,,,,,,,,,,,,,,,,,,,
,,,,,,,,,,,,,,,,,,,,,,,,
,,,,,,,,,,,,,,,,,,,,,,,,
,,,,,,,,,,,,,,,,,,,,,,,,
,,,,,,,,,,,,,,,,,,,,,,,,
,,,,,,,,,,,,,,,,,,,,,,,,
,,,,,,,,,,,,,,,,,,,,,,,,
,,,,,,,,,,,,,,,,,,,,,,,,
,,,,,,,,,,,,,,,,,,,,,,,,
,,,,,,,,,,,,,,,,,,,,,,,,
,,,,,,,,,,,,,,,,,,,,,,,,
,,,,,,,,,,,,,,,,,,,,,,,,
,,,,,,,,,,,,,,,,,,,,,,,,
,,,,,,,,,,,,,,,,,,,,,,,,
,,,,,,,,,,,,,,,,,,,,,,,,
,,,,,,,,,,,,,,,,,,,,,,,,
,,,,,,,,,,,,,,,,,,,,,,,,
,,,,,,,,,,,,,,,,,,,,,,,,
,,,,,,,,,,,,,,,,,,,,,,,,
,,,,,,,,,,,,,,,,,,,,,,,,
,,,,,,,,,,,,,,,,,,,,,,,,
,,,,,,,,,,,,,,,,,,,,,,,,
,,,,,,,,,,,,,,,,,,,,,,,,
,,,,,,,,,,,,,,,,,,,,,,,,
,,,,,,,,,,,,,,,,,,,,,,,,
,,,,,,,,,,,,,,,,,,,,,,,,
,,,,,,,,,,,,,,,,,,,,,,,,
,,,,,,,,,,,,,,,,,,,,,,,,
,,,,,,,,,,,,,,,,,,,,,,,,
,,,,,,,,,,,,,,,,,,,,,,,,
,,,,,,,,,,,,,,,,,,,,,,,,
,,,,,,,,,,,,,,,,,,,,,,,,
,,,,,,,,,,,,,,,,,,,,,,,,
,,,,,,,,,,,,,,,,,,,,,,,,
,,,,,,,,,,,,,,,,,,,,,,,,
,,,,,,,,,,,,,,,,,,,,,,,,
,,,,,,,,,,,,,,,,,,,,,,,,
,,,,,,,,,,,,,,,,,,,,,,,,
,,,,,,,,,,,,,,,,,,,,,,,,
,,,,,,,,,,,,,,,,,,,,,,,,
,,,,,,,,,,,,,,,,,,,,,,,,
,,,,,,,,,,,,,,,,,,,,,,,,
,,,,,,,,,,,,,,,,,,,,,,,,
,,,,,,,,,,,,,,,,,,,,,,,,
,,,,,,,,,,,,,,,,,,,,,,,,
,,,,,,,,,,,,,,,,,,,,,,,,
,,,,,,,,,,,,,,,,,,,,,,,,
,,,,,,,,,,,,,,,,,,,,,,,,
,,,,,,,,,,,,,,,,,,,,,,,,
,,,,,,,,,,,,,,,,,,,,,,,,
,,,,,,,,,,,,,,,,,,,,,,,,
,,,,,,,,,,,,,,,,,,,,,,,,
,,,,,,,,,,,,,,,,,,,,,,,,
,,,,,,,,,,,,,,,,,,,,,,,,
,,,,,,,,,,,,,,,,,,,,,,,,
,,,,,,,,,,,,,,,,,,,,,,,,
,,,,,,,,,,,,,,,,,,,,,,,,
,,,,,,,,,,,,,,,,,,,,,,,,
,,,,,,,,,,,,,,,,,,,,,,,,
,,,,,,,,,,,,,,,,,,,,,,,,
,,,,,,,,,,,,,,,,,,,,,,,,
,,,,,,,,,,,,,,,,,,,,,,,,
,,,,,,,,,,,,,,,,,,,,,,,,
,,,,,,,,,,,,,,,,,,,,,,,,
,,,,,,,,,,,,,,,,,,,,,,,,
,,,,,,,,,,,,,,,,,,,,,,,,
,,,,,,,,,,,,,,,,,,,,,,,,
,,,,,,,,,,,,,,,,,,,,,,,,
,,,,,,,,,,,,,,,,,,,,,,,,
,,,,,,,,,,,,,,,,,,,,,,,,
,,,,,,,,,,,,,,,,,,,,,,,,
,,,,,,,,,,,,,,,,,,,,,,,,
,,,,,,,,,,,,,,,,,,,,,,,,
,,,,,,,,,,,,,,,,,,,,,,,,
,,,,,,,,,,,,,,,,,,,,,,,,
,,,,,,,,,,,,,,,,,,,,,,,,
,,,,,,,,,,,,,,,,,,,,,,,,
,,,,,,,,,,,,,,,,,,,,,,,,
,,,,,,,,,,,,,,,,,,,,,,,,
,,,,,,,,,,,,,,,,,,,,,,,,
,,,,,,,,,,,,,,,,,,,,,,,,
,,,,,,,,,,,,,,,,,,,,,,,,
,,,,,,,,,,,,,,,,,,,,,,,,
,,,,,,,,,,,,,,,,,,,,,,,,
,,,,,,,,,,,,,,,,,,,,,,,,
,,,,,,,,,,,,,,,,,,,,,,,,
,,,,,,,,,,,,,,,,,,,,,,,,
,,,,,,,,,,,,,,,,,,,,,,,,
,,,,,,,,,,,,,,,,,,,,,,,,
,,,,,,,,,,,,,,,,,,,,,,,,
,,,,,,,,,,,,,,,,,,,,,,,,
,,,,,,,,,,,,,,,,,,,,,,,,
,,,,,,,,,,,,,,,,,,,,,,,,
,,,,,,,,,,,,,,,,,,,,,,,,
,,,,,,,,,,,,,,,,,,,,,,,,
,,,,,,,,,,,,,,,,,,,,,,,,
,,,,,,,,,,,,,,,,,,,,,,,,
,,,,,,,,,,,,,,,,,,,,,,,,
,,,,,,,,,,,,,,,,,,,,,,,,
,,,,,,,,,,,,,,,,,,,,,,,,
,,,,,,,,,,,,,,,,,,,,,,,,
,,,,,,,,,,,,,,,,,,,,,,,,
,,,,,,,,,,,,,,,,,,,,,,,,
,,,,,,,,,,,,,,,,,,,,,,,,
,,,,,,,,,,,,,,,,,,,,,,,,
,,,,,,,,,,,,,,,,,,,,,,,,
,,,,,,,,,,,,,,,,,,,,,,,,
,,,,,,,,,,,,,,,,,,,,,,,,
,,,,,,,,,,,,,,,,,,,,,,,,
,,,,,,,,,,,,,,,,,,,,,,,,
,,,,,,,,,,,,,,,,,,,,,,,,
,,,,,,,,,,,,,,,,,,,,,,,,
,,,,,,,,,,,,,,,,,,,,,,,,
,,,,,,,,,,,,,,,,,,,,,,,,
,,,,,,,,,,,,,,,,,,,,,,,,
,,,,,,,,,,,,,,,,,,,,,,,,
,,,,,,,,,,,,,,,,,,,,,,,,
,,,,,,,,,,,,,,,,,,,,,,,,
,,,,,,,,,,,,,,,,,,,,,,,,
,,,,,,,,,,,,,,,,,,,,,,,,
,,,,,,,,,,,,,,,,,,,,,,,,
,,,,,,,,,,,,,,,,,,,,,,,,
,,,,,,,,,,,,,,,,,,,,,,,,
,,,,,,,,,,,,,,,,,,,,,,,,
,,,,,,,,,,,,,,,,,,,,,,,,
,,,,,,,,,,,,,,,,,,,,,,,,
,,,,,,,,,,,,,,,,,,,,,,,,
,,,,,,,,,,,,,,,,,,,,,,,,
,,,,,,,,,,,,,,,,,,,,,,,,
,,,,,,,,,,,,,,,,,,,,,,,,
,,,,,,,,,,,,,,,,,,,,,,,,
,,,,,,,,,,,,,,,,,,,,,,,,
,,,,,,,,,,,,,,,,,,,,,,,,
,,,,,,,,,,,,,,,,,,,,,,,,
,,,,,,,,,,,,,,,,,,,,,,,,
,,,,,,,,,,,,,,,,,,,,,,,,
,,,,,,,,,,,,,,,,,,,,,,,,
,,,,,,,,,,,,,,,,,,,,,,,,
,,,,,,,,,,,,,,,,,,,,,,,,
,,,,,,,,,,,,,,,,,,,,,,,,
,,,,,,,,,,,,,,,,,,,,,,,,
,,,,,,,,,,,,,,,,,,,,,,,,
,,,,,,,,,,,,,,,,,,,,,,,,
,,,,,,,,,,,,,,,,,,,,,,,,
,,,,,,,,,,,,,,,,,,,,,,,,
,,,,,,,,,,,,,,,,,,,,,,,,
,,,,,,,,,,,,,,,,,,,,,,,,
,,,,,,,,,,,,,,,,,,,,,,,,
,,,,,,,,,,,,,,,,,,,,,,,,
,,,,,,,,,,,,,,,,,,,,,,,,
,,,,,,,,,,,,,,,,,,,,,,,,
,,,,,,,,,,,,,,,,,,,,,,,,
,,,,,,,,,,,,,,,,,,,,,,,,
,,,,,,,,,,,,,,,,,,,,,,,,
,,,,,,,,,,,,,,,,,,,,,,,,
,,,,,,,,,,,,,,,,,,,,,,,,
,,,,,,,,,,,,,,,,,,,,,,,,
,,,,,,,,,,,,,,,,,,,,,,,,
,,,,,,,,,,,,,,,,,,,,,,,,
,,,,,,,,,,,,,,,,,,,,,,,,
,,,,,,,,,,,,,,,,,,,,,,,,
,,,,,,,,,,,,,,,,,,,,,,,,
,,,,,,,,,,,,,,,,,,,,,,,,
,,,,,,,,,,,,,,,,,,,,,,,,
,,,,,,,,,,,,,,,,,,,,,,,,
,,,,,,,,,,,,,,,,,,,,,,,,
,,,,,,,,,,,,,,,,,,,,,,,,
,,,,,,,,,,,,,,,,,,,,,,,,
,,,,,,,,,,,,,,,,,,,,,,,,
,,,,,,,,,,,,,,,,,,,,,,,,
,,,,,,,,,,,,,,,,,,,,,,,,
,,,,,,,,,,,,,,,,,,,,,,,,
,,,,,,,,,,,,,,,,,,,,,,,,
,,,,,,,,,,,,,,,,,,,,,,,,
,,,,,,,,,,,,,,,,,,,,,,,,
,,,,,,,,,,,,,,,,,,,,,,,,
,,,,,,,,,,,,,,,,,,,,,,,,
,,,,,,,,,,,,,,,,,,,,,,,,
,,,,,,,,,,,,,,,,,,,,,,,,
,,,,,,,,,,,,,,,,,,,,,,,,
,,,,,,,,,,,,,,,,,,,,,,,,
,,,,,,,,,,,,,,,,,,,,,,,,
,,,,,,,,,,,,,,,,,,,,,,,,
,,,,,,,,,,,,,,,,,,,,,,,,
,,,,,,,,,,,,,,,,,,,,,,,,
,,,,,,,,,,,,,,,,,,,,,,,,
,,,,,,,,,,,,,,,,,,,,,,,,
,,,,,,,,,,,,,,,,,,,,,,,,
,,,,,,,,,,,,,,,,,,,,,,,,
,,,,,,,,,,,,,,,,,,,,,,,,
,,,,,,,,,,,,,,,,,,,,,,,,
,,,,,,,,,,,,,,,,,,,,,,,,
,,,,,,,,,,,,,,,,,,,,,,,,
,,,,,,,,,,,,,,,,,,,,,,,,
,,,,,,,,,,,,,,,,,,,,,,,,
,,,,,,,,,,,,,,,,,,,,,,,,
,,,,,,,,,,,,,,,,,,,,,,,,
,,,,,,,,,,,,,,,,,,,,,,,,
,,,,,,,,,,,,,,,,,,,,,,,,
,,,,,,,,,,,,,,,,,,,,,,,,
,,,,,,,,,,,,,,,,,,,,,,,,
,,,,,,,,,,,,,,,,,,,,,,,,
,,,,,,,,,,,,,,,,,,,,,,,,
,,,,,,,,,,,,,,,,,,,,,,,,
,,,,,,,,,,,,,,,,,,,,,,,,
,,,,,,,,,,,,,,,,,,,,,,,,
,,,,,,,,,,,,,,,,,,,,,,,,
,,,,,,,,,,,,,,,,,,,,,,,,
,,,,,,,,,,,,,,,,,,,,,,,,
,,,,,,,,,,,,,,,,,,,,,,,,
,,,,,,,,,,,,,,,,,,,,,,,,
,,,,,,,,,,,,,,,,,,,,,,,,
,,,,,,,,,,,,,,,,,,,,,,,,
,,,,,,,,,,,,,,,,,,,,,,,,
,,,,,,,,,,,,,,,,,,,,,,,,
,,,,,,,,,,,,,,,,,,,,,,,,
,,,,,,,,,,,,,,,,,,,,,,,,
,,,,,,,,,,,,,,,,,,,,,,,,
,,,,,,,,,,,,,,,,,,,,,,,,
,,,,,,,,,,,,,,,,,,,,,,,,
,,,,,,,,,,,,,,,,,,,,,,,,
,,,,,,,,,,,,,,,,,,,,,,,,
,,,,,,,,,,,,,,,,,,,,,,,,
,,,,,,,,,,,,,,,,,,,,,,,,
,,,,,,,,,,,,,,,,,,,,,,,,
,,,,,,,,,,,,,,,,,,,,,,,,
,,,,,,,,,,,,,,,,,,,,,,,,
,,,,,,,,,,,,,,,,,,,,,,,,
,,,,,,,,,,,,,,,,,,,,,,,,
,,,,,,,,,,,,,,,,,,,,,,,,
,,,,,,,,,,,,,,,,,,,,,,,,
,,,,,,,,,,,,,,,,,,,,,,,,
,,,,,,,,,,,,,,,,,,,,,,,,
,,,,,,,,,,,,,,,,,,,,,,,,
,,,,,,,,,,,,,,,,,,,,,,,,
,,,,,,,,,,,,,,,,,,,,,,,,
,,,,,,,,,,,,,,,,,,,,,,,,
,,,,,,,,,,,,,,,,,,,,,,,,
,,,,,,,,,,,,,,,,,,,,,,,,
,,,,,,,,,,,,,,,,,,,,,,,,
,,,,,,,,,,,,,,,,,,,,,,,,
,,,,,,,,,,,,,,,,,,,,,,,,
,,,,,,,,,,,,,,,,,,,,,,,,
,,,,,,,,,,,,,,,,,,,,,,,,
,,,,,,,,,,,,,,,,,,,,,,,,
,,,,,,,,,,,,,,,,,,,,,,,,
,,,,,,,,,,,,,,,,,,,,,,,,
,,,,,,,,,,,,,,,,,,,,,,,,
,,,,,,,,,,,,,,,,,,,,,,,,
,,,,,,,,,,,,,,,,,,,,,,,,
,,,,,,,,,,,,,,,,,,,,,,,,
,,,,,,,,,,,,,,,,,,,,,,,,
,,,,,,,,,,,,,,,,,,,,,,,,
,,,,,,,,,,,,,,,,,,,,,,,,
,,,,,,,,,,,,,,,,,,,,,,,,
,,,,,,,,,,,,,,,,,,,,,,,,
,,,,,,,,,,,,,,,,,,,,,,,,
,,,,,,,,,,,,,,,,,,,,,,,,
,,,,,,,,,,,,,,,,,,,,,,,,
,,,,,,,,,,,,,,,,,,,,,,,,
,,,,,,,,,,,,,,,,,,,,,,,,
,,,,,,,,,,,,,,,,,,,,,,,,
,,,,,,,,,,,,,,,,,,,,,,,,
,,,,,,,,,,,,,,,,,,,,,,,,
,,,,,,,,,,,,,,,,,,,,,,,,
,,,,,,,,,,,,,,,,,,,,,,,,
,,,,,,,,,,,,,,,,,,,,,,,,
,,,,,,,,,,,,,,,,,,,,,,,,
,,,,,,,,,,,,,,,,,,,,,,,,
,,,,,,,,,,,,,,,,,,,,,,,,
,,,,,,,,,,,,,,,,,,,,,,,,
,,,,,,,,,,,,,,,,,,,,,,,,
,,,,,,,,,,,,,,,,,,,,,,,,
,,,,,,,,,,,,,,,,,,,,,,,,
,,,,,,,,,,,,,,,,,,,,,,,,
,,,,,,,,,,,,,,,,,,,,,,,,
,,,,,,,,,,,,,,,,,,,,,,,,
,,,,,,,,,,,,,,,,,,,,,,,,
,,,,,,,,,,,,,,,,,,,,,,,,
,,,,,,,,,,,,,,,,,,,,,,,,
,,,,,,,,,,,,,,,,,,,,,,,,
,,,,,,,,,,,,,,,,,,,,,,,,
,,,,,,,,,,,,,,,,,,,,,,,,
,,,,,,,,,,,,,,,,,,,,,,,,
,,,,,,,,,,,,,,,,,,,,,,,,
,,,,,,,,,,,,,,,,,,,,,,,,
,,,,,,,,,,,,,,,,,,,,,,,,
,,,,,,,,,,,,,,,,,,,,,,,,
,,,,,,,,,,,,,,,,,,,,,,,,
,,,,,,,,,,,,,,,,,,,,,,,,
,,,,,,,,,,,,,,,,,,,,,,,,
,,,,,,,,,,,,,,,,,,,,,,,,
,,,,,,,,,,,,,,,,,,,,,,,,
,,,,,,,,,,,,,,,,,,,,,,,,
,,,,,,,,,,,,,,,,,,,,,,,,
,,,,,,,,,,,,,,,,,,,,,,,,
,,,,,,,,,,,,,,,,,,,,,,,,
,,,,,,,,,,,,,,,,,,,,,,,,
,,,,,,,,,,,,,,,,,,,,,,,,
,,,,,,,,,,,,,,,,,,,,,,,,
,,,,,,,,,,,,,,,,,,,,,,,,
,,,,,,,,,,,,,,,,,,,,,,,,
,,,,,,,,,,,,,,,,,,,,,,,,
,,,,,,,,,,,,,,,,,,,,,,,,
,,,,,,,,,,,,,,,,,,,,,,,,
,,,,,,,,,,,,,,,,,,,,,,,,
,,,,,,,,,,,,,,,,,,,,,,,,
,,,,,,,,,,,,,,,,,,,,,,,,
,,,,,,,,,,,,,,,,,,,,,,,,
,,,,,,,,,,,,,,,,,,,,,,,,
,,,,,,,,,,,,,,,,,,,,,,,,
,,,,,,,,,,,,,,,,,,,,,,,,
,,,,,,,,,,,,,,,,,,,,,,,,
,,,,,,,,,,,,,,,,,,,,,,,,
,,,,,,,,,,,,,,,,,,,,,,,,
,,,,,,,,,,,,,,,,,,,,,,,,
,,,,,,,,,,,,,,,,,,,,,,,,
,,,,,,,,,,,,,,,,,,,,,,,,
,,,,,,,,,,,,,,,,,,,,,,,,
,,,,,,,,,,,,,,,,,,,,,,,,
,,,,,,,,,,,,,,,,,,,,,,,,
,,,,,,,,,,,,,,,,,,,,,,,,
,,,,,,,,,,,,,,,,,,,,,,,,
,,,,,,,,,,,,,,,,,,,,,,,,
,,,,,,,,,,,,,,,,,,,,,,,,
,,,,,,,,,,,,,,,,,,,,,,,,
,,,,,,,,,,,,,,,,,,,,,,,,
,,,,,,,,,,,,,,,,,,,,,,,,
,,,,,,,,,,,,,,,,,,,,,,,,
,,,,,,,,,,,,,,,,,,,,,,,,
,,,,,,,,,,,,,,,,,,,,,,,,
,,,,,,,,,,,,,,,,,,,,,,,,
,,,,,,,,,,,,,,,,,,,,,,,,
,,,,,,,,,,,,,,,,,,,,,,,,
,,,,,,,,,,,,,,,,,,,,,,,,
,,,,,,,,,,,,,,,,,,,,,,,,
,,,,,,,,,,,,,,,,,,,,,,,,
,,,,,,,,,,,,,,,,,,,,,,,,
,,,,,,,,,,,,,,,,,,,,,,,,
,,,,,,,,,,,,,,,,,,,,,,,,
,,,,,,,,,,,,,,,,,,,,,,,,
,,,,,,,,,,,,,,,,,,,,,,,,
,,,,,,,,,,,,,,,,,,,,,,,,
,,,,,,,,,,,,,,,,,,,,,,,,
,,,,,,,,,,,,,,,,,,,,,,,,
,,,,,,,,,,,,,,,,,,,,,,,,
,,,,,,,,,,,,,,,,,,,,,,,,
,,,,,,,,,,,,,,,,,,,,,,,,
,,,,,,,,,,,,,,,,,,,,,,,,
,,,,,,,,,,,,,,,,,,,,,,,,
,,,,,,,,,,,,,,,,,,,,,,,,
,,,,,,,,,,,,,,,,,,,,,,,,
,,,,,,,,,,,,,,,,,,,,,,,,
,,,,,,,,,,,,,,,,,,,,,,,,
,,,,,,,,,,,,,,,,,,,,,,,,
,,,,,,,,,,,,,,,,,,,,,,,,
,,,,,,,,,,,,,,,,,,,,,,,,
,,,,,,,,,,,,,,,,,,,,,,,,
,,,,,,,,,,,,,,,,,,,,,,,,
,,,,,,,,,,,,,,,,,,,,,,,,
,,,,,,,,,,,,,,,,,,,,,,,,
,,,,,,,,,,,,,,,,,,,,,,,,
,,,,,,,,,,,,,,,,,,,,,,,,
,,,,,,,,,,,,,,,,,,,,,,,,
,,,,,,,,,,,,,,,,,,,,,,,,
,,,,,,,,,,,,,,,,,,,,,,,,
,,,,,,,,,,,,,,,,,,,,,,,,
,,,,,,,,,,,,,,,,,,,,,,,,
,,,,,,,,,,,,,,,,,,,,,,,,
,,,,,,,,,,,,,,,,,,,,,,,,
,,,,,,,,,,,,,,,,,,,,,,,,
,,,,,,,,,,,,,,,,,,,,,,,,
,,,,,,,,,,,,,,,,,,,,,,,,
,,,,,,,,,,,,,,,,,,,,,,,,
,,,,,,,,,,,,,,,,,,,,,,,,
,,,,,,,,,,,,,,,,,,,,,,,,
,,,,,,,,,,,,,,,,,,,,,,,,
,,,,,,,,,,,,,,,,,,,,,,,,
,,,,,,,,,,,,,,,,,,,,,,,,
,,,,,,,,,,,,,,,,,,,,,,,,
,,,,,,,,,,,,,,,,,,,,,,,,
,,,,,,,,,,,,,,,,,,,,,,,,
,,,,,,,,,,,,,,,,,,,,,,,,
,,,,,,,,,,,,,,,,,,,,,,,,
,,,,,,,,,,,,,,,,,,,,,,,,
,,,,,,,,,,,,,,,,,,,,,,,,
,,,,,,,,,,,,,,,,,,,,,,,,
,,,,,,,,,,,,,,,,,,,,,,,,
,,,,,,,,,,,,,,,,,,,,,,,,
,,,,,,,,,,,,,,,,,,,,,,,,
,,,,,,,,,,,,,,,,,,,,,,,,
,,,,,,,,,,,,,,,,,,,,,,,,
,,,,,,,,,,,,,,,,,,,,,,,,
,,,,,,,,,,,,,,,,,,,,,,,,
,,,,,,,,,,,,,,,,,,,,,,,,
,,,,,,,,,,,,,,,,,,,,,,,,
,,,,,,,,,,,,,,,,,,,,,,,,
,,,,,,,,,,,,,,,,,,,,,,,,
,,,,,,,,,,,,,,,,,,,,,,,,
,,,,,,,,,,,,,,,,,,,,,,,,
,,,,,,,,,,,,,,,,,,,,,,,,
,,,,,,,,,,,,,,,,,,,,,,,,
,,,,,,,,,,,,,,,,,,,,,,,,
,,,,,,,,,,,,,,,,,,,,,,,,
,,,,,,,,,,,,,,,,,,,,,,,,
,,,,,,,,,,,,,,,,,,,,,,,,
,,,,,,,,,,,,,,,,,,,,,,,,
,,,,,,,,,,,,,,,,,,,,,,,,
,,,,,,,,,,,,,,,,,,,,,,,,
,,,,,,,,,,,,,,,,,,,,,,,,
,,,,,,,,,,,,,,,,,,,,,,,,
,,,,,,,,,,,,,,,,,,,,,,,,
,,,,,,,,,,,,,,,,,,,,,,,,
,,,,,,,,,,,,,,,,,,,,,,,,
,,,,,,,,,,,,,,,,,,,,,,,,
,,,,,,,,,,,,,,,,,,,,,,,,
,,,,,,,,,,,,,,,,,,,,,,,,
,,,,,,,,,,,,,,,,,,,,,,,,
,,,,,,,,,,,,,,,,,,,,,,,,
,,,,,,,,,,,,,,,,,,,,,,,,
,,,,,,,,,,,,,,,,,,,,,,,,
,,,,,,,,,,,,,,,,,,,,,,,,
,,,,,,,,,,,,,,,,,,,,,,,,
,,,,,,,,,,,,,,,,,,,,,,,,
,,,,,,,,,,,,,,,,,,,,,,,,
,,,,,,,,,,,,,,,,,,,,,,,,
,,,,,,,,,,,,,,,,,,,,,,,,
,,,,,,,,,,,,,,,,,,,,,,,,
,,,,,,,,,,,,,,,,,,,,,,,,
,,,,,,,,,,,,,,,,,,,,,,,,
,,,,,,,,,,,,,,,,,,,,,,,,
,,,,,,,,,,,,,,,,,,,,,,,,
,,,,,,,,,,,,,,,,,,,,,,,,
,,,,,,,,,,,,,,,,,,,,,,,,
,,,,,,,,,,,,,,,,,,,,,,,,
,,,,,,,,,,,,,,,,,,,,,,,,
,,,,,,,,,,,,,,,,,,,,,,,,
,,,,,,,,,,,,,,,,,,,,,,,,
,,,,,,,,,,,,,,,,,,,,,,,,
,,,,,,,,,,,,,,,,,,,,,,,,
,,,,,,,,,,,,,,,,,,,,,,,,
,,,,,,,,,,,,,,,,,,,,,,,,
,,,,,,,,,,,,,,,,,,,,,,,,
,,,,,,,,,,,,,,,,,,,,,,,,
,,,,,,,,,,,,,,,,,,,,,,,,
,,,,,,,,,,,,,,,,,,,,,,,,
,,,,,,,,,,,,,,,,,,,,,,,,
,,,,,,,,,,,,,,,,,,,,,,,,
,,,,,,,,,,,,,,,,,,,,,,,,
,,,,,,,,,,,,,,,,,,,,,,,,
,,,,,,,,,,,,,,,,,,,,,,,,
,,,,,,,,,,,,,,,,,,,,,,,,
,,,,,,,,,,,,,,,,,,,,,,,,
,,,,,,,,,,,,,,,,,,,,,,,,
,,,,,,,,,,,,,,,,,,,,,,,,
,,,,,,,,,,,,,,,,,,,,,,,,
,,,,,,,,,,,,,,,,,,,,,,,,
,,,,,,,,,,,,,,,,,,,,,,,,
,,,,,,,,,,,,,,,,,,,,,,,,
,,,,,,,,,,,,,,,,,,,,,,,,
,,,,,,,,,,,,,,,,,,,,,,,,
,,,,,,,,,,,,,,,,,,,,,,,,
,,,,,,,,,,,,,,,,,,,,,,,,
,,,,,,,,,,,,,,,,,,,,,,,,
,,,,,,,,,,,,,,,,,,,,,,,,
,,,,,,,,,,,,,,,,,,,,,,,,
,,,,,,,,,,,,,,,,,,,,,,,,
,,,,,,,,,,,,,,,,,,,,,,,,
,,,,,,,,,,,,,,,,,,,,,,,,
,,,,,,,,,,,,,,,,,,,,,,,,
,,,,,,,,,,,,,,,,,,,,,,,,
,,,,,,,,,,,,,,,,,,,,,,,,
,,,,,,,,,,,,,,,,,,,,,,,,
,,,,,,,,,,,,,,,,,,,,,,,,
,,,,,,,,,,,,,,,,,,,,,,,,
,,,,,,,,,,,,,,,,,,,,,,,,
,,,,,,,,,,,,,,,,,,,,,,,,
,,,,,,,,,,,,,,,,,,,,,,,,
,,,,,,,,,,,,,,,,,,,,,,,,
,,,,,,,,,,,,,,,,,,,,,,,,
,,,,,,,,,,,,,,,,,,,,,,,,
,,,,,,,,,,,,,,,,,,,,,,,,
,,,,,,,,,,,,,,,,,,,,,,,,
,,,,,,,,,,,,,,,,,,,,,,,,
,,,,,,,,,,,,,,,,,,,,,,,,
,,,,,,,,,,,,,,,,,,,,,,,,
,,,,,,,,,,,,,,,,,,,,,,,,
,,,,,,,,,,,,,,,,,,,,,,,,
,,,,,,,,,,,,,,,,,,,,,,,,
,,,,,,,,,,,,,,,,,,,,,,,,
,,,,,,,,,,,,,,,,,,,,,,,,
,,,,,,,,,,,,,,,,,,,,,,,,
,,,,,,,,,,,,,,,,,,,,,,,,
,,,,,,,,,,,,,,,,,,,,,,,,
,,,,,,,,,,,,,,,,,,,,,,,,
,,,,,,,,,,,,,,,,,,,,,,,,
,,,,,,,,,,,,,,,,,,,,,,,,
,,,,,,,,,,,,,,,,,,,,,,,,
,,,,,,,,,,,,,,,,,,,,,,,,
,,,,,,,,,,,,,,,,,,,,,,,,
,,,,,,,,,,,,,,,,,,,,,,,,
,,,,,,,,,,,,,,,,,,,,,,,,
,,,,,,,,,,,,,,,,,,,,,,,,
,,,,,,,,,,,,,,,,,,,,,,,,
,,,,,,,,,,,,,,,,,,,,,,,,
,,,,,,,,,,,,,,,,,,,,,,,,
,,,,,,,,,,,,,,,,,,,,,,,,
,,,,,,,,,,,,,,,,,,,,,,,,
,,,,,,,,,,,,,,,,,,,,,,,,
,,,,,,,,,,,,,,,,,,,,,,,,
,,,,,,,,,,,,,,,,,,,,,,,,
,,,,,,,,,,,,,,,,,,,,,,,,
,,,,,,,,,,,,,,,,,,,,,,,,
,,,,,,,,,,,,,,,,,,,,,,,,
,,,,,,,,,,,,,,,,,,,,,,,,
,,,,,,,,,,,,,,,,,,,,,,,,
,,,,,,,,,,,,,,,,,,,,,,,,
,,,,,,,,,,,,,,,,,,,,,,,,
,,,,,,,,,,,,,,,,,,,,,,,,
,,,,,,,,,,,,,,,,,,,,,,,,
,,,,,,,,,,,,,,,,,,,,,,,,
,,,,,,,,,,,,,,,,,,,,,,,,
,,,,,,,,,,,,,,,,,,,,,,,,
,,,,,,,,,,,,,,,,,,,,,,,,
,,,,,,,,,,,,,,,,,,,,,,,,
,,,,,,,,,,,,,,,,,,,,,,,,
,,,,,,,,,,,,,,,,,,,,,,,,
,,,,,,,,,,,,,,,,,,,,,,,,
,,,,,,,,,,,,,,,,,,,,,,,,
,,,,,,,,,,,,,,,,,,,,,,,,
,,,,,,,,,,,,,,,,,,,,,,,,
,,,,,,,,,,,,,,,,,,,,,,,,
,,,,,,,,,,,,,,,,,,,,,,,,
,,,,,,,,,,,,,,,,,,,,,,,,
,,,,,,,,,,,,,,,,,,,,,,,,
,,,,,,,,,,,,,,,,,,,,,,,,
,,,,,,,,,,,,,,,,,,,,,,,,
,,,,,,,,,,,,,,,,,,,,,,,,
,,,,,,,,,,,,,,,,,,,,,,,,
,,,,,,,,,,,,,,,,,,,,,,,,
,,,,,,,,,,,,,,,,,,,,,,,,
,,,,,,,,,,,,,,,,,,,,,,,,
,,,,,,,,,,,,,,,,,,,,,,,,
,,,,,,,,,,,,,,,,,,,,,,,,
,,,,,,,,,,,,,,,,,,,,,,,,
,,,,,,,,,,,,,,,,,,,,,,,,
,,,,,,,,,,,,,,,,,,,,,,,,
,,,,,,,,,,,,,,,,,,,,,,,,
,,,,,,,,,,,,,,,,,,,,,,,,
,,,,,,,,,,,,,,,,,,,,,,,,
,,,,,,,,,,,,,,,,,,,,,,,,
,,,,,,,,,,,,,,,,,,,,,,,,
,,,,,,,,,,,,,,,,,,,,,,,,
,,,,,,,,,,,,,,,,,,,,,,,,
,,,,,,,,,,,,,,,,,,,,,,,,
,,,,,,,,,,,,,,,,,,,,,,,,
,,,,,,,,,,,,,,,,,,,,,,,,
,,,,,,,,,,,,,,,,,,,,,,,,
,,,,,,,,,,,,,,,,,,,,,,,,
,,,,,,,,,,,,,,,,,,,,,,,,
,,,,,,,,,,,,,,,,,,,,,,,,
,,,,,,,,,,,,,,,,,,,,,,,,
,,,,,,,,,,,,,,,,,,,,,,,,
,,,,,,,,,,,,,,,,,,,,,,,,
,,,,,,,,,,,,,,,,,,,,,,,,
,,,,,,,,,,,,,,,,,,,,,,,,
,,,,,,,,,,,,,,,,,,,,,,,,
,,,,,,,,,,,,,,,,,,,,,,,,
,,,,,,,,,,,,,,,,,,,,,,,,
,,,,,,,,,,,,,,,,,,,,,,,,
,,,,,,,,,,,,,,,,,,,,,,,,
,,,,,,,,,,,,,,,,,,,,,,,,
,,,,,,,,,,,,,,,,,,,,,,,,
,,,,,,,,,,,,,,,,,,,,,,,,
,,,,,,,,,,,,,,,,,,,,,,,,
,,,,,,,,,,,,,,,,,,,,,,,,
,,,,,,,,,,,,,,,,,,,,,,,,
,,,,,,,,,,,,,,,,,,,,,,,,
,,,,,,,,,,,,,,,,,,,,,,,,
,,,,,,,,,,,,,,,,,,,,,,,,
,,,,,,,,,,,,,,,,,,,,,,,,
,,,,,,,,,,,,,,,,,,,,,,,,
,,,,,,,,,,,,,,,,,,,,,,,,
,,,,,,,,,,,,,,,,,,,,,,,,
,,,,,,,,,,,,,,,,,,,,,,,,
,,,,,,,,,,,,,,,,,,,,,,,,
,,,,,,,,,,,,,,,,,,,,,,,,
,,,,,,,,,,,,,,,,,,,,,,,,
,,,,,,,,,,,,,,,,,,,,,,,,
,,,,,,,,,,,,,,,,,,,,,,,,
,,,,,,,,,,,,,,,,,,,,,,,,
,,,,,,,,,,,,,,,,,,,,,,,,
,,,,,,,,,,,,,,,,,,,,,,,,
,,,,,,,,,,,,,,,,,,,,,,,,
,,,,,,,,,,,,,,,,,,,,,,,,
,,,,,,,,,,,,,,,,,,,,,,,,
,,,,,,,,,,,,,,,,,,,,,,,,
,,,,,,,,,,,,,,,,,,,,,,,,
,,,,,,,,,,,,,,,,,,,,,,,,
,,,,,,,,,,,,,,,,,,,,,,,,
,,,,,,,,,,,,,,,,,,,,,,,,
,,,,,,,,,,,,,,,,,,,,,,,,
,,,,,,,,,,,,,,,,,,,,,,,,
,,,,,,,,,,,,,,,,,,,,,,,,
,,,,,,,,,,,,,,,,,,,,,,,,
,,,,,,,,,,,,,,,,,,,,,,,,
,,,,,,,,,,,,,,,,,,,,,,,,
,,,,,,,,,,,,,,,,,,,,,,,,
,,,,,,,,,,,,,,,,,,,,,,,,
,,,,,,,,,,,,,,,,,,,,,,,,
,,,,,,,,,,,,,,,,,,,,,,,,
,,,,,,,,,,,,,,,,,,,,,,,,
,,,,,,,,,,,,,,,,,,,,,,,,
,,,,,,,,,,,,,,,,,,,,,,,,
,,,,,,,,,,,,,,,,,,,,,,,,
,,,,,,,,,,,,,,,,,,,,,,,,
,,,,,,,,,,,,,,,,,,,,,,,,
,,,,,,,,,,,,,,,,,,,,,,,,
,,,,,,,,,,,,,,,,,,,,,,,,
,,,,,,,,,,,,,,,,,,,,,,,,
,,,,,,,,,,,,,,,,,,,,,,,,
,,,,,,,,,,,,,,,,,,,,,,,,
,,,,,,,,,,,,,,,,,,,,,,,,
,,,,,,,,,,,,,,,,,,,,,,,,
,,,,,,,,,,,,,,,,,,,,,,,,
,,,,,,,,,,,,,,,,,,,,,,,,
,,,,,,,,,,,,,,,,,,,,,,,,
,,,,,,,,,,,,,,,,,,,,,,,,
,,,,,,,,,,,,,,,,,,,,,,,,
,,,,,,,,,,,,,,,,,,,,,,,,
,,,,,,,,,,,,,,,,,,,,,,,,
,,,,,,,,,,,,,,,,,,,,,,,,
,,,,,,,,,,,,,,,,,,,,,,,,