Lake,,,,Rating
,,,,Lake
Elevation,Area,Volume,,Houston
(feet,(acres),(acre-feet),,Source
15,381.2,1531,,TWDB
15.01,382.16,1534.82,,Survey
15.02,383.07,1538.64,,12/1/11
15.03,383.94,1542.48,,Vertical
15.04,384.77,1546.32,,NAVD88
15.05,385.59,1550.17,,
15.06,386.41,1554.03,,
15.07,387.24,1557.9,,
15.08,388.1,1561.78,,
15.09,388.95,1565.67,,
15.1,389.77,1569.56,,
15.11,390.58,1573.46,,
15.12,391.37,1577.37,,
15.13,392.16,1581.29,,
15.14,392.94,1585.21,,
15.15,393.71,1589.15,,
15.16,394.47,1593.09,,
15.17,395.23,1597.04,,
15.18,395.98,1600.99,,
15.19,396.74,1604.96,,
15.2,397.49,1608.93,,
15.21,398.26,1612.91,,
15.22,399.02,1616.89,,
15.23,399.78,1620.89,,
15.24,400.55,1624.89,,
15.25,401.32,1628.9,,
15.26,402.11,1632.91,,
15.27,402.91,1636.94,,
15.28,403.73,1640.97,,
15.29,404.58,1645.01,,
15.3,405.44,1649.06,,
15.31,406.29,1653.12,,
15.32,407.13,1657.19,,
15.33,407.95,1661.27,,
15.34,408.76,1665.35,,
15.35,409.56,1669.44,,
15.36,410.37,1673.54,,
15.37,411.26,1677.65,,
15.38,412.07,1681.76,,
15.39,412.86,1685.89,,
15.4,413.64,1690.02,,
15.41,414.41,1694.16,,
15.42,415.17,1698.31,,
15.43,415.92,1702.47,,
15.44,416.67,1706.63,,
15.45,417.43,1710.8,,
15.46,418.18,1714.98,,
15.47,418.94,1719.16,,
15.48,419.7,1723.36,,
15.49,420.47,1727.56,,
15.5,421.23,1731.77,,
15.51,421.99,1735.98,,
15.52,422.76,1740.21,,
15.53,423.53,1744.44,,
15.54,424.3,1748.68,,
15.55,425.07,1752.92,,
15.56,425.84,1757.18,,
15.57,426.61,1761.44,,
15.58,427.39,1765.71,,
15.59,428.17,1769.99,,
15.6,428.95,1774.27,,
15.61,429.74,1778.57,,
15.62,430.51,1782.87,,
15.63,431.28,1787.18,,
15.64,432.05,1791.49,,
15.65,432.82,1795.82,,
15.66,433.6,1800.15,,
15.67,434.37,1804.49,,
15.68,435.15,1808.84,,
15.69,435.94,1813.19,,
15.7,436.73,1817.56,,
15.71,437.52,1821.93,,
15.72,438.32,1826.31,,
15.73,439.12,1830.69,,
15.74,439.93,1835.09,,
15.75,440.81,1839.49,,
15.76,441.74,1843.9,,
15.77,442.63,1848.33,,
15.78,443.5,1852.76,,
15.79,444.36,1857.2,,
15.8,445.21,1861.64,,
15.81,446.07,1866.1,,
15.82,446.93,1870.57,,
15.83,447.8,1875.04,,
15.84,448.68,1879.52,,
15.85,449.56,1884.01,,
15.86,450.41,1888.51,,
15.87,451.25,1893.02,,
15.88,452.12,1897.54,,
15.89,452.99,1902.06,,
15.9,453.84,1906.6,,
15.91,454.69,1911.14,,
15.92,455.51,1915.69,,
15.93,456.32,1920.25,,
15.94,457.13,1924.82,,
15.95,457.94,1929.39,,
15.96,458.75,1933.98,,
15.97,459.57,1938.57,,
15.98,460.38,1943.17,,
15.99,461.2,1947.78,,
16,462.02,1952.39,,
16.01,462.85,1957.02,,
16.02,463.68,1961.65,,
16.03,464.51,1966.29,,
16.04,465.31,1970.94,,
16.05,466.11,1975.6,,
16.06,466.91,1980.26,,
16.07,467.71,1984.93,,
16.08,468.51,1989.62,,
16.09,469.3,1994.3,,
16.1,470.09,1999,,
16.11,470.89,2003.71,,
16.12,471.71,2008.42,,
16.13,472.55,2013.14,,
16.14,473.39,2017.87,,
16.15,474.22,2022.61,,
16.16,475.06,2027.35,,
16.17,475.9,2032.11,,
16.18,476.76,2036.87,,
16.19,477.62,2041.64,,
16.2,478.44,2046.43,,
16.21,479.25,2051.21,,
16.22,480.05,2056.01,,
16.23,480.84,2060.81,,
16.24,481.62,2065.63,,
16.25,482.4,2070.45,,
16.26,483.19,2075.27,,
16.27,483.97,2080.11,,
16.28,484.76,2084.95,,
16.29,485.55,2089.81,,
16.3,486.34,2094.66,,
16.31,487.14,2099.53,,
16.32,488.01,2104.41,,
16.33,488.85,2109.29,,
16.34,489.68,2114.19,,
16.35,490.5,2119.09,,
16.36,491.31,2124,,
16.37,492.13,2128.91,,
16.38,492.95,2133.84,,
16.39,493.79,2138.77,,
16.4,494.64,2143.71,,
16.41,495.47,2148.66,,
16.42,496.3,2153.62,,
16.43,497.16,2158.59,,
16.44,498.04,2163.57,,
16.45,498.9,2168.55,,
16.46,499.74,2173.54,,
16.47,500.58,2178.55,,
16.48,501.41,2183.56,,
16.49,502.25,2188.57,,
16.5,503.09,2193.6,,
16.51,503.93,2198.64,,
16.52,504.78,2203.68,,
16.53,505.62,2208.73,,
16.54,506.46,2213.79,,
16.55,507.31,2218.86,,
16.56,508.19,2223.94,,
16.57,509.08,2229.02,,
16.58,509.97,2234.12,,
16.59,510.98,2239.22,,
16.6,511.97,2244.34,,
16.61,512.86,2249.46,,
16.62,513.74,2254.6,,
16.63,514.6,2259.74,,
16.64,515.46,2264.89,,
16.65,516.33,2270.05,,
16.66,517.28,2275.21,,
16.67,518.15,2280.39,,
16.68,518.95,2285.58,,
16.69,519.75,2290.77,,
16.7,520.55,2295.97,,
16.71,521.36,2301.18,,
16.72,522.16,2306.4,,
16.73,522.97,2311.63,,
16.74,523.78,2316.86,,
16.75,524.61,2322.1,,
16.76,525.43,2327.35,,
16.77,526.25,2332.61,,
16.78,527.05,2337.88,,
16.79,527.85,2343.15,,
16.8,528.65,2348.43,,
16.81,529.46,2353.72,,
16.82,530.26,2359.02,,
16.83,531.05,2364.33,,
16.84,531.85,2369.64,,
16.85,532.67,2374.97,,
16.86,533.49,2380.3,,
16.87,534.29,2385.64,,
16.88,535.09,2390.98,,
16.89,535.91,2396.34,,
16.9,536.73,2401.7,,
16.91,537.58,2407.07,,
16.92,538.46,2412.45,,
16.93,539.33,2417.84,,
16.94,540.24,2423.24,,
16.95,541.14,2428.65,,
16.96,542.03,2434.06,,
16.97,542.93,2439.49,,
16.98,543.84,2444.92,,
16.99,544.76,2450.36,,
17,545.71,2455.82,,
17.01,546.67,2461.28,,
17.02,547.65,2466.75,,
17.03,548.62,2472.23,,
17.04,549.58,2477.72,,
17.05,550.52,2483.22,,
17.06,551.45,2488.73,,
17.07,552.4,2494.25,,
17.08,553.39,2499.78,,
17.09,554.32,2505.32,,
17.1,555.23,2510.87,,
17.11,556.12,2516.42,,
17.12,557,2521.99,,
17.13,557.89,2527.56,,
17.14,558.78,2533.15,,
17.15,559.67,2538.74,,
17.16,560.56,2544.34,,
17.17,561.45,2549.95,,
17.18,562.33,2555.57,,
17.19,563.21,2561.2,,
17.2,564.09,2566.83,,
17.21,564.98,2572.48,,
17.22,565.87,2578.13,,
17.23,566.77,2583.8,,
17.24,567.66,2589.47,,
17.25,568.56,2595.15,,
17.26,569.48,2600.84,,
17.27,570.39,2606.54,,
17.28,571.31,2612.25,,
17.29,572.22,2617.97,,
17.3,573.13,2623.69,,
17.31,574.05,2629.43,,
17.32,574.98,2635.17,,
17.33,575.9,2640.93,,
17.34,576.82,2646.69,,
17.35,577.77,2652.46,,
17.36,578.75,2658.25,,
17.37,579.75,2664.04,,
17.38,580.78,2669.84,,
17.39,581.84,2675.65,,
17.4,582.91,2681.48,,
17.41,583.98,2687.31,,
17.42,585.08,2693.16,,
17.43,586.19,2699.01,,
17.44,587.31,2704.88,,
17.45,588.41,2710.76,,
17.46,589.51,2716.65,,
17.47,590.6,2722.55,,
17.48,591.69,2728.46,,
17.49,592.77,2734.38,,
17.5,593.86,2740.32,,
17.51,594.95,2746.26,,
17.52,596.03,2752.22,,
17.53,597.13,2758.18,,
17.54,598.24,2764.16,,
17.55,599.35,2770.15,,
17.56,600.47,2776.15,,
17.57,601.58,2782.16,,
17.58,602.7,2788.18,,
17.59,603.8,2794.21,,
17.6,604.9,2800.25,,
17.61,605.99,2806.31,,
17.62,607.09,2812.37,,
17.63,608.19,2818.45,,
17.64,609.28,2824.54,,
17.65,610.38,2830.64,,
17.66,611.49,2836.75,,
17.67,612.6,2842.87,,
17.68,613.7,2849,,
17.69,614.78,2855.14,,
17.7,615.87,2861.29,,
17.71,616.95,2867.46,,
17.72,618.05,2873.63,,
17.73,619.19,2879.82,,
17.74,620.37,2886.02,,
17.75,621.56,2892.23,,
17.76,622.74,2898.45,,
17.77,623.9,2904.68,,
17.78,625.07,2910.93,,
17.79,626.23,2917.18,,
17.8,627.4,2923.45,,
17.81,628.6,2929.73,,
17.82,629.8,2936.02,,
17.83,631.02,2942.33,,
17.84,632.24,2948.64,,
17.85,633.48,2954.97,,
17.86,635,2961.31,,
17.87,636.34,2967.67,,
17.88,637.62,2974.04,,
17.89,638.89,2980.42,,
17.9,640.19,2986.82,,
17.91,641.51,2993.23,,
17.92,642.84,2999.65,,
17.93,644.16,3006.08,,
17.94,645.5,3012.53,,
17.95,646.85,3018.99,,
17.96,648.2,3025.47,,
17.97,649.54,3031.96,,
17.98,650.89,3038.46,,
17.99,652.2,3044.97,,
18,653.49,3051.5,,
18.01,654.76,3058.04,,
18.02,656.03,3064.6,,
18.03,657.32,3071.17,,
18.04,658.61,3077.75,,
18.05,659.95,3084.34,,
18.06,661.32,3090.94,,
18.07,662.72,3097.56,,
18.08,664.14,3104.2,,
18.09,665.55,3110.85,,
18.1,666.92,3117.51,,
18.11,668.28,3124.19,,
18.12,669.64,3130.88,,
18.13,671,3137.58,,
18.14,672.38,3144.29,,
18.15,673.77,3151.03,,
18.16,675.18,3157.77,,
18.17,676.64,3164.53,,
18.18,678.12,3171.3,,
18.19,679.54,3178.09,,
18.2,680.94,3184.89,,
18.21,682.31,3191.71,,
18.22,683.69,3198.54,,
18.23,685.1,3205.38,,
18.24,686.53,3212.24,,
18.25,687.98,3219.12,,
18.26,689.45,3226,,
18.27,690.95,3232.9,,
18.28,692.5,3239.82,,
18.29,694.07,3246.76,,
18.3,695.71,3253.7,,
18.31,697.37,3260.67,,
18.32,699,3267.65,,
18.33,700.64,3274.65,,
18.34,702.46,3281.66,,
18.35,704.31,3288.7,,
18.36,706.24,3295.75,,
18.37,708.09,3302.82,,
18.38,709.82,3309.91,,
18.39,711.46,3317.02,,
18.4,713.07,3324.14,,
18.41,714.67,3331.28,,
18.42,716.26,3338.43,,
18.43,717.91,3345.61,,
18.44,719.57,3352.79,,
18.45,721.25,3360,,
18.46,722.97,3367.22,,
18.47,724.66,3374.46,,
18.48,726.32,3381.71,,
18.49,728.1,3388.98,,
18.5,729.83,3396.27,,
18.51,731.5,3403.58,,
18.52,733.12,3410.9,,
18.53,734.74,3418.24,,
18.54,736.36,3425.6,,
18.55,738.01,3432.97,,
18.56,739.66,3440.36,,
18.57,741.32,3447.76,,
18.58,742.97,3455.18,,
18.59,744.63,3462.62,,
18.6,746.29,3470.08,,
18.61,747.96,3477.55,,
18.62,749.64,3485.04,,
18.63,751.35,3492.54,,
18.64,753.07,3500.06,,
18.65,754.82,3507.6,,
18.66,756.59,3515.16,,
18.67,758.42,3522.73,,
18.68,760.28,3530.33,,
18.69,762.19,3537.94,,
18.7,764.15,3545.57,,
18.71,766.08,3553.22,,
18.72,767.88,3560.89,,
18.73,769.68,3568.58,,
18.74,771.47,3576.29,,
18.75,773.27,3584.01,,
18.76,775.1,3591.75,,
18.77,776.92,3599.51,,
18.78,778.75,3607.29,,
18.79,780.56,3615.09,,
18.8,782.31,3622.9,,
18.81,784.04,3630.73,,
18.82,785.72,3638.58,,
18.83,787.39,3646.45,,
18.84,789.07,3654.33,,
18.85,790.76,3662.23,,
18.86,792.49,3670.15,,
18.87,794.23,3678.08,,
18.88,795.98,3686.03,,
18.89,797.75,3694,,
18.9,799.54,3701.98,,
18.91,801.33,3709.99,,
18.92,803.09,3718.01,,
18.93,804.83,3726.05,,
18.94,806.57,3734.11,,
18.95,808.3,3742.18,,
18.96,810.01,3750.27,,
18.97,811.7,3758.38,,
18.98,813.4,3766.51,,
18.99,815.12,3774.65,,
19,816.85,3782.81,,
19.01,818.59,3790.99,,
19.02,820.35,3799.18,,
19.03,822.12,3807.39,,
19.04,823.9,3815.62,,
19.05,825.67,3823.87,,
19.06,827.4,3832.14,,
19.07,829.11,3840.42,,
19.08,830.82,3848.72,,
19.09,832.54,3857.04,,
19.1,834.31,3865.37,,
19.11,836.07,3873.72,,
19.12,837.85,3882.09,,
19.13,839.65,3890.48,,
19.14,841.45,3898.88,,
19.15,843.26,3907.31,,
19.16,845.09,3915.75,,
19.17,846.92,3924.21,,
19.18,848.75,3932.69,,
19.19,850.56,3941.19,,
19.2,852.39,3949.7,,
19.21,854.21,3958.23,,
19.22,856.04,3966.78,,
19.23,857.86,3975.35,,
19.24,859.7,3983.94,,
19.25,861.56,3992.55,,
19.26,863.43,4001.17,,
19.27,865.32,4009.82,,
19.28,867.2,4018.48,,
19.29,869.12,4027.16,,
19.3,871.13,4035.86,,
19.31,873.19,4044.58,,
19.32,875.36,4053.33,,
19.33,877.59,4062.09,,
19.34,879.87,4070.88,,
19.35,882.2,4079.69,,
19.36,884.58,4088.52,,
19.37,887.02,4097.38,,
19.38,889.58,4106.26,,
19.39,892.22,4115.17,,
19.4,894.91,4124.11,,
19.41,897.71,4133.07,,
19.42,900.64,4142.06,,
19.43,903.66,4151.08,,
19.44,906.79,4160.14,,
19.45,909.83,4169.22,,
19.46,912.74,4178.33,,
19.47,915.65,4187.47,,
19.48,918.45,4196.64,,
19.49,921.23,4205.84,,
19.5,924,4215.07,,
19.51,926.79,4224.32,,
19.52,929.61,4233.61,,
19.53,932.33,4242.92,,
19.54,935.02,4252.25,,
19.55,937.72,4261.62,,
19.56,940.39,4271.01,,
19.57,943.09,4280.42,,
19.58,945.85,4289.87,,
19.59,948.52,4299.34,,
19.6,951.16,4308.84,,
19.61,953.8,4318.36,,
19.62,956.46,4327.92,,
19.63,959.21,4337.49,,
19.64,961.89,4347.1,,
19.65,964.52,4356.73,,
19.66,967.1,4366.39,,
19.67,969.65,4376.07,,
19.68,972.19,4385.78,,
19.69,974.65,4395.52,,
19.7,977.08,4405.28,,
19.71,979.47,4415.06,,
19.72,981.77,4424.86,,
19.73,984.04,4434.69,,
19.74,986.32,4444.54,,
19.75,988.62,4454.42,,
19.76,990.91,4464.32,,
19.77,993.25,4474.24,,
19.78,995.67,4484.18,,
19.79,998.07,4494.15,,
19.8,1000.49,4504.14,,
19.81,1002.93,4514.16,,
19.82,1005.26,4524.2,,
19.83,1007.57,4534.27,,
19.84,1009.86,4544.35,,
19.85,1012.12,4554.46,,
19.86,1014.34,4564.6,,
19.87,1016.57,4574.75,,
19.88,1018.82,4584.93,,
19.89,1021.07,4595.13,,
19.9,1023.35,4605.35,,
19.91,1025.65,4615.59,,
19.92,1027.91,4625.86,,
19.93,1030.1,4636.15,,
19.94,1032.25,4646.46,,
19.95,1034.38,4656.8,,
19.96,1036.57,4667.15,,
19.97,1038.85,4677.53,,
19.98,1041.12,4687.93,,
19.99,1043.42,4698.35,,
20,1045.76,4708.8,,
20.01,1048.25,4719.27,,
20.02,1050.7,4729.76,,
20.03,1053.13,4740.28,,
20.04,1055.53,4750.82,,
20.05,1058,4761.39,,
20.06,1060.36,4771.98,,
20.07,1062.71,4782.6,,
20.08,1065.01,4793.24,,
20.09,1067.29,4803.9,,
20.1,1069.65,4814.58,,
20.11,1072.1,4825.29,,
20.12,1074.71,4836.03,,
20.13,1077.22,4846.78,,
20.14,1079.8,4857.57,,
20.15,1082.38,4868.38,,
20.16,1084.87,4879.22,,
20.17,1087.37,4890.08,,
20.18,1089.94,4900.97,,
20.19,1092.49,4911.88,,
20.2,1095.02,4922.82,,
20.21,1097.47,4933.78,,
20.22,1099.87,4944.76,,
20.23,1102.31,4955.78,,
20.24,1104.74,4966.81,,
20.25,1107.16,4977.87,,
20.26,1109.47,4988.95,,
20.27,1111.69,5000.06,,
20.28,1113.86,5011.19,,
20.29,1115.98,5022.34,,
20.3,1118.07,5033.51,,
20.31,1120.14,5044.7,,
20.32,1122.19,5055.91,,
20.33,1124.22,5067.14,,
20.34,1126.25,5078.39,,
20.35,1128.28,5089.67,,
20.36,1130.31,5100.96,,
20.37,1132.35,5112.27,,
20.38,1134.37,5123.61,,
20.39,1136.37,5134.96,,
20.4,1138.36,5146.33,,
20.41,1140.35,5157.73,,
20.42,1142.33,5169.14,,
20.43,1144.3,5180.57,,
20.44,1146.26,5192.03,,
20.45,1148.24,5203.5,,
20.46,1150.28,5214.99,,
20.47,1152.33,5226.5,,
20.48,1154.35,5238.04,,
20.49,1156.35,5249.59,,
20.5,1158.34,5261.17,,
20.51,1160.31,5272.76,,
20.52,1162.28,5284.37,,
20.53,1164.27,5296.01,,
20.54,1166.25,5307.66,,
20.55,1168.24,5319.33,,
20.56,1170.24,5331.02,,
20.57,1172.23,5342.73,,
20.58,1174.22,5354.47,,
20.59,1176.19,5366.22,,
20.6,1178.15,5377.99,,
20.61,1180.1,5389.78,,
20.62,1182.07,5401.59,,
20.63,1184.03,5413.42,,
20.64,1185.98,5425.27,,
20.65,1187.93,5437.14,,
20.66,1189.9,5449.03,,
20.67,1191.89,5460.94,,
20.68,1193.9,5472.87,,
20.69,1195.94,5484.82,,
20.7,1198.01,5496.79,,
20.71,1200.13,5508.78,,
20.72,1202.22,5520.79,,
20.73,1204.27,5532.82,,
20.74,1206.31,5544.88,,
20.75,1208.35,5556.95,,
20.76,1210.37,5569.04,,
20.77,1212.38,5581.16,,
20.78,1214.39,5593.29,,
20.79,1216.37,5605.45,,
20.8,1218.37,5617.62,,
20.81,1220.41,5629.81,,
20.82,1222.47,5642.03,,
20.83,1224.51,5654.26,,
20.84,1226.53,5666.52,,
20.85,1228.56,5678.79,,
20.86,1230.6,5691.09,,
20.87,1232.64,5703.4,,
20.88,1234.66,5715.74,,
20.89,1236.68,5728.1,,
20.9,1238.72,5740.47,,
20.91,1240.77,5752.87,,
20.92,1242.85,5765.29,,
20.93,1244.94,5777.73,,
20.94,1247.05,5790.19,,
20.95,1249.1,5802.67,,
20.96,1251.16,5815.17,,
20.97,1253.2,5827.69,,
20.98,1255.27,5840.23,,
20.99,1257.37,5852.8,,
21,1259.54,5865.38,,
21.01,1261.75,5877.99,,
21.02,1263.99,5890.62,,
21.03,1266.24,5903.27,,
21.04,1268.42,5915.94,,
21.05,1270.55,5928.64,,
21.06,1272.66,5941.35,,
21.07,1274.74,5954.09,,
21.08,1276.84,5966.85,,
21.09,1278.92,5979.63,,
21.1,1281.02,5992.43,,
21.11,1283.26,6005.25,,
21.12,1285.51,6018.09,,
21.13,1287.8,6030.96,,
21.14,1290.08,6043.85,,
21.15,1292.32,6056.76,,
21.16,1294.55,6069.69,,
21.17,1296.77,6082.65,,
21.18,1298.99,6095.63,,
21.19,1301.21,6108.63,,
21.2,1303.43,6121.65,,
21.21,1305.63,6134.7,,
21.22,1307.78,6147.76,,
21.23,1309.91,6160.85,,
21.24,1312.04,6173.96,,
21.25,1314.16,6187.09,,
21.26,1316.27,6200.25,,
21.27,1318.39,6213.42,,
21.28,1320.5,6226.62,,
21.29,1322.62,6239.83,,
21.3,1324.75,6253.07,,
21.31,1326.87,6266.33,,
21.32,1328.94,6279.6,,
21.33,1331,6292.9,,
21.34,1333.17,6306.23,,
21.35,1335.38,6319.57,,
21.36,1337.59,6332.93,,
21.37,1339.81,6346.32,,
21.38,1342.04,6359.73,,
21.39,1344.27,6373.16,,
21.4,1346.48,6386.61,,
21.41,1348.68,6400.09,,
21.42,1350.87,6413.59,,
21.43,1353.09,6427.11,,
21.44,1355.32,6440.65,,
21.45,1357.56,6454.21,,
21.46,1359.79,6467.8,,
21.47,1362.07,6481.41,,
21.48,1364.35,6495.04,,
21.49,1366.66,6508.7,,
21.5,1369.08,6522.38,,
21.51,1371.55,6536.08,,
21.52,1373.99,6549.81,,
21.53,1376.73,6563.56,,
21.54,1379.36,6577.34,,
21.55,1381.82,6591.15,,
21.56,1384.49,6604.98,,
21.57,1386.93,6618.83,,
21.58,1389.39,6632.72,,
21.59,1391.85,6646.62,,
21.6,1394.3,6660.55,,
21.61,1396.71,6674.51,,
21.62,1399.02,6688.49,,
21.63,1401.28,6702.49,,
21.64,1403.54,6716.51,,
21.65,1405.82,6730.56,,
21.66,1408.13,6744.63,,
21.67,1410.52,6758.72,,
21.68,1412.84,6772.84,,
21.69,1415.18,6786.98,,
21.7,1417.6,6801.14,,
21.71,1420.13,6815.33,,
21.72,1422.72,6829.55,,
21.73,1425.6,6843.79,,
21.74,1428.74,6858.06,,
21.75,1431.88,6872.36,,
21.76,1435.06,6886.7,,
21.77,1438,6901.06,,
21.78,1440.81,6915.46,,
21.79,1443.53,6929.88,,
21.8,1446.23,6944.33,,
21.81,1449.08,6958.8,,
21.82,1451.85,6973.31,,
21.83,1454.51,6987.84,,
21.84,1457.15,7002.4,,
21.85,1459.83,7016.98,,
21.86,1462.49,7031.6,,
21.87,1465.2,7046.23,,
21.88,1467.91,7060.9,,
21.89,1470.57,7075.59,,
21.9,1473.23,7090.31,,
21.91,1475.87,7105.06,,
21.92,1478.47,7119.83,,
21.93,1481.05,7134.63,,
21.94,1483.63,7149.45,,
21.95,1486.22,7164.3,,
21.96,1488.83,7179.17,,
21.97,1491.44,7194.07,,
21.98,1494.05,7209,,
21.99,1496.64,7223.95,,
22,1499.2,7238.93,,
22.01,1501.77,7253.94,,
22.02,1504.35,7268.97,,
22.03,1506.93,7284.03,,
22.04,1509.55,7299.11,,
22.05,1512.21,7314.22,,
22.06,1514.74,7329.35,,
22.07,1517.26,7344.51,,
22.08,1519.76,7359.7,,
22.09,1522.26,7374.91,,
22.1,1524.77,7390.14,,
22.11,1527.26,7405.4,,
22.12,1529.76,7420.69,,
22.13,1532.27,7436,,
22.14,1534.79,7451.33,,
22.15,1537.33,7466.69,,
22.16,1539.87,7482.08,,
22.17,1542.42,7497.49,,
22.18,1545.06,7512.93,,
22.19,1547.68,7528.39,,
22.2,1550.31,7543.88,,
22.21,1552.97,7559.4,,
22.22,1555.66,7574.94,,
22.23,1558.34,7590.51,,
22.24,1561.01,7606.11,,
22.25,1563.66,7621.73,,
22.26,1566.32,7637.38,,
22.27,1569.01,7653.06,,
22.28,1571.72,7668.76,,
22.29,1574.42,7684.49,,
22.3,1577.15,7700.25,,
22.31,1579.91,7716.04,,
22.32,1582.71,7731.85,,
22.33,1585.5,7747.69,,
22.34,1588.31,7763.56,,
22.35,1591.16,7779.46,,
22.36,1594.01,7795.38,,
22.37,1596.93,7811.34,,
22.38,1599.9,7827.32,,
22.39,1602.84,7843.33,,
22.4,1605.74,7859.38,,
22.41,1608.65,7875.45,,
22.42,1611.54,7891.55,,
22.43,1614.43,7907.68,,
22.44,1617.32,7923.84,,
22.45,1620.24,7940.03,,
22.46,1623.21,7956.24,,
22.47,1626.2,7972.49,,
22.48,1629.25,7988.77,,
22.49,1632.35,8005.08,,
22.5,1635.53,8021.42,,
22.51,1638.86,8037.79,,
22.52,1642.18,8054.19,,
22.53,1645.6,8070.63,,
22.54,1649.11,8087.11,,
22.55,1652.74,8103.61,,
22.56,1656.22,8120.16,,
22.57,1659.54,8136.74,,
22.58,1663.02,8153.35,,
22.59,1666.61,8170,,
22.6,1670.25,8186.68,,
22.61,1673.87,8203.4,,
22.62,1677.55,8220.16,,
22.63,1681.3,8236.95,,
22.64,1685,8253.79,,
22.65,1688.63,8270.65,,
22.66,1692.26,8287.56,,
22.67,1696.03,8304.5,,
22.68,1699.83,8321.48,,
22.69,1703.58,8338.5,,
22.7,1707.32,8355.55,,
22.71,1711.08,8372.64,,
22.72,1714.88,8389.77,,
22.73,1718.64,8406.94,,
22.74,1722.41,8424.15,,
22.75,1726.12,8441.39,,
22.76,1729.81,8458.67,,
22.77,1733.51,8475.99,,
22.78,1737.17,8493.34,,
22.79,1740.77,8510.73,,
22.8,1744.35,8528.15,,
22.81,1747.92,8545.61,,
22.82,1751.52,8563.11,,
22.83,1755.12,8580.64,,
22.84,1758.76,8598.21,,
22.85,1762.4,8615.82,,
22.86,1765.99,8633.46,,
22.87,1769.55,8651.14,,
22.88,1773.13,8668.85,,
22.89,1776.77,8686.6,,
22.9,1780.54,8704.39,,
22.91,1784.3,8722.21,,
22.92,1788.12,8740.08,,
22.93,1792.05,8757.98,,
22.94,1796.01,8775.92,,
22.95,1800.15,8793.9,,
22.96,1804.16,8811.92,,
22.97,1808.07,8829.98,,
22.98,1811.98,8848.08,,
22.99,1815.75,8866.22,,
23,1819.47,8884.4,,
23.01,1823.24,8902.61,,
23.02,1827.08,8920.86,,
23.03,1830.97,8939.15,,
23.04,1834.95,8957.48,,
23.05,1838.97,8975.85,,
23.06,1842.94,8994.26,,
23.07,1846.75,9012.71,,
23.08,1850.5,9031.19,,
23.09,1854.33,9049.72,,
23.1,1858.27,9068.28,,
23.11,1862.07,9086.88,,
23.12,1865.93,9105.53,,
23.13,1869.78,9124.2,,
23.14,1873.52,9142.92,,
23.15,1877.24,9161.67,,
23.16,1880.93,9180.46,,
23.17,1884.63,9199.29,,
23.18,1888.32,9218.16,,
23.19,1891.97,9237.06,,
23.2,1895.64,9256,,
23.21,1899.36,9274.97,,
23.22,1903.23,9293.98,,
23.23,1907.04,9313.03,,
23.24,1910.91,9332.12,,
23.25,1914.79,9351.25,,
23.26,1918.63,9370.42,,
23.27,1922.45,9389.63,,
23.28,1926.36,9408.87,,
23.29,1930.41,9428.16,,
23.3,1934.52,9447.48,,
23.31,1938.74,9466.84,,
23.32,1943.11,9486.25,,
23.33,1947.61,9505.71,,
23.34,1952.23,9525.21,,
23.35,1956.89,9544.75,,
23.36,1961.55,9564.34,,
23.37,1965.96,9583.98,,
23.38,1970.18,9603.66,,
23.39,1974.32,9623.38,,
23.4,1978.38,9643.15,,
23.41,1982.43,9662.95,,
23.42,1986.52,9682.8,,
23.43,1990.64,9702.68,,
23.44,1994.77,9722.61,,
23.45,1998.93,9742.58,,
23.46,2003.18,9762.59,,
23.47,2007.42,9782.64,,
23.48,2011.57,9802.74,,
23.49,2015.66,9822.87,,
23.5,2019.74,9843.05,,
23.51,2023.85,9863.27,,
23.52,2027.96,9883.53,,
23.53,2032.04,9903.83,,
23.54,2036.04,9924.17,,
23.55,2040.06,9944.55,,
23.56,2044.09,9964.97,,
23.57,2048.17,9985.43,,
23.58,2052.27,10005.93,,
23.59,2056.43,10026.48,,
23.6,2060.61,10047.06,,
23.61,2064.89,10067.69,,
23.62,2069.3,10088.36,,
23.63,2073.81,10109.07,,
23.64,2078.11,10129.83,,
23.65,2082.25,10150.64,,
23.66,2086.32,10171.48,,
23.67,2090.42,10192.36,,
23.68,2094.54,10213.29,,
23.69,2098.65,10234.25,,
23.7,2102.75,10255.26,,
23.71,2106.82,10276.31,,
23.72,2110.9,10297.4,,
23.73,2114.97,10318.52,,
23.74,2119.03,10339.7,,
23.75,2123.12,10360.91,,
23.76,2127.28,10382.16,,
23.77,2131.49,10403.45,,
23.78,2135.86,10424.79,,
23.79,2140.25,10446.17,,
23.8,2144.75,10467.59,,
23.81,2149.06,10489.06,,
23.82,2153.33,10510.57,,
23.83,2157.59,10532.13,,
23.84,2161.84,10553.73,,
23.85,2165.98,10575.37,,
23.86,2170.05,10597.05,,
23.87,2174.05,10618.77,,
23.88,2178.11,10640.53,,
23.89,2182.16,10662.33,,
23.9,2186.27,10684.17,,
23.91,2190.61,10706.06,,
23.92,2194.94,10727.98,,
23.93,2199.21,10749.95,,
23.94,2203.44,10771.97,,
23.95,2207.77,10794.03,,
23.96,2212.23,10816.12,,
23.97,2216.68,10838.27,,
23.98,2221.04,10860.46,,
23.99,2225.27,10882.69,,
24,2229.44,10904.96,,
24.01,2233.59,10927.28,,
24.02,2237.77,10949.64,,
24.03,2242.07,10972.03,,
24.04,2246.52,10994.48,,
24.05,2251.08,11016.96,,
24.06,2255.49,11039.5,,
24.07,2259.85,11062.07,,
24.08,2264.21,11084.69,,
24.09,2268.5,11107.36,,
24.1,2272.76,11130.07,,
24.11,2277.07,11152.81,,
24.12,2281.41,11175.61,,
24.13,2285.6,11198.44,,
24.14,2289.77,11221.32,,
24.15,2293.88,11244.24,,
24.16,2297.96,11267.19,,
24.17,2302,11290.2,,
24.18,2306.09,11313.24,,
24.19,2310.18,11336.32,,
24.2,2314.25,11359.44,,
24.21,2318.34,11382.6,,
24.22,2322.47,11405.8,,
24.23,2326.64,11429.05,,
24.24,2330.86,11452.34,,
24.25,2335.27,11475.67,,
24.26,2339.5,11499.04,,
24.27,2343.69,11522.46,,
24.28,2347.94,11545.92,,
24.29,2352.17,11569.42,,
24.3,2356.35,11592.96,,
24.31,2360.55,11616.54,,
24.32,2364.8,11640.17,,
24.33,2369.04,11663.84,,
24.34,2373.34,11687.55,,
24.35,2377.75,11711.31,,
24.36,2382.12,11735.11,,
24.37,2386.41,11758.95,,
24.38,2390.71,11782.83,,
24.39,2395.02,11806.76,,
24.4,2399.31,11830.73,,
24.41,2403.59,11854.75,,
24.42,2407.86,11878.81,,
24.43,2412.15,11902.91,,
24.44,2416.46,11927.05,,
24.45,2420.78,11951.24,,
24.46,2425.09,11975.46,,
24.47,2429.38,11999.74,,
24.48,2433.72,12024.05,,
24.49,2438.1,12048.41,,
24.5,2442.46,12072.82,,
24.51,2446.86,12097.26,,
24.52,2451.3,12121.75,,
24.53,2455.74,12146.29,,
24.54,2460.22,12170.87,,
24.55,2464.76,12195.49,,
24.56,2469.32,12220.16,,
24.57,2474,12244.88,,
24.58,2478.58,12269.64,,
24.59,2483.19,12294.45,,
24.6,2487.81,12319.31,,
24.61,2492.47,12344.21,,
24.62,2497.11,12369.16,,
24.63,2501.8,12394.15,,
24.64,2506.55,12419.19,,
24.65,2511.37,12444.28,,
24.66,2516.27,12469.42,,
24.67,2521.28,12494.61,,
24.68,2526.28,12519.85,,
24.69,2531.29,12545.13,,
24.7,2536.46,12570.47,,
24.71,2541.91,12595.86,,
24.72,2547.36,12621.31,,
24.73,2552.79,12646.81,,
24.74,2558.27,12672.37,,
24.75,2563.71,12697.98,,
24.76,2569.19,12723.64,,
24.77,2574.63,12749.36,,
24.78,2580.24,12775.14,,
24.79,2585.86,12800.97,,
24.8,2591.44,12826.85,,
24.81,2597.05,12852.79,,
24.82,2602.69,12878.79,,
24.83,2608.32,12904.85,,
24.84,2613.99,12930.96,,
24.85,2619.73,12957.13,,
24.86,2625.5,12983.36,,
24.87,2631.28,13009.64,,
24.88,2637.14,13035.98,,
24.89,2643.01,13062.38,,
24.9,2648.81,13088.84,,
24.91,2654.54,13115.36,,
24.92,2660.28,13141.93,,
24.93,2665.96,13168.56,,
24.94,2671.75,13195.25,,
24.95,2677.72,13222,,
24.96,2683.67,13248.8,,
24.97,2689.56,13275.67,,
24.98,2695.4,13302.59,,
24.99,2701.08,13329.58,,
25,2706.72,13356.62,,
25.01,2712.23,13383.71,,
25.02,2717.71,13410.86,,
25.03,2723.2,13438.07,,
25.04,2728.61,13465.33,,
25.05,2734,13492.64,,
25.06,2739.33,13520,,
25.07,2744.61,13547.42,,
25.08,2749.92,13574.9,,
25.09,2755.27,13602.42,,
25.1,2760.68,13630,,
25.11,2766.16,13657.64,,
25.12,2771.7,13685.33,,
25.13,2777.3,13713.07,,
25.14,2782.99,13740.87,,
25.15,2788.61,13768.73,,
25.16,2794.07,13796.64,,
25.17,2799.51,13824.61,,
25.18,2804.96,13852.63,,
25.19,2810.58,13880.71,,
25.2,2816.24,13908.85,,
25.21,2821.82,13937.03,,
25.22,2827.42,13965.28,,
25.23,2833.06,13993.58,,
25.24,2838.73,14021.94,,
25.25,2844.25,14050.36,,
25.26,2849.8,14078.83,,
25.27,2855.39,14107.36,,
25.28,2861,14135.94,,
25.29,2866.54,14164.58,,
25.3,2871.99,14193.27,,
25.31,2877.45,14222.01,,
25.32,2882.82,14250.82,,
25.33,2888.13,14279.67,,
25.34,2893.34,14308.58,,
25.35,2898.54,14337.54,,
25.36,2903.72,14366.55,,
25.37,2908.92,14395.61,,
25.38,2914.17,14424.72,,
25.39,2919.43,14453.89,,
25.4,2924.78,14483.11,,
25.41,2930.07,14512.39,,
25.42,2935.27,14541.72,,
25.43,2940.55,14571.1,,
25.44,2945.92,14600.53,,
25.45,2951.33,14630.02,,
25.46,2956.6,14659.55,,
25.47,2961.86,14689.14,,
25.48,2967.17,14718.79,,
25.49,2972.53,14748.49,,
25.5,2977.87,14778.24,,
25.51,2983.25,14808.05,,
25.52,2988.59,14837.91,,
25.53,2993.91,14867.82,,
25.54,2999.19,14897.79,,
25.55,3004.37,14927.8,,
25.56,3009.53,14957.87,,
25.57,3014.7,14987.99,,
25.58,3019.87,15018.17,,
25.59,3025,15048.39,,
25.6,3030.14,15078.67,,
25.61,3035.24,15109,,
25.62,3040.38,15139.37,,
25.63,3045.58,15169.8,,
25.64,3050.9,15200.28,,
25.65,3056.34,15230.82,,
25.66,3061.78,15261.41,,
25.67,3067.28,15292.06,,
25.68,3072.71,15322.76,,
25.69,3078.13,15353.51,,
25.7,3083.55,15384.32,,
25.71,3088.98,15415.18,,
25.72,3094.36,15446.1,,
25.73,3099.56,15477.07,,
25.74,3104.65,15508.09,,
25.75,3109.81,15539.16,,
25.76,3114.87,15570.28,,
25.77,3119.92,15601.46,,
25.78,3125,15632.68,,
25.79,3130.21,15663.96,,
25.8,3135.39,15695.28,,
25.81,3140.49,15726.66,,
25.82,3145.61,15758.1,,
25.83,3150.7,15789.58,,
25.84,3155.72,15821.11,,
25.85,3160.71,15852.69,,
25.86,3165.78,15884.33,,
25.87,3170.99,15916.01,,
25.88,3176.24,15947.74,,
25.89,3181.6,15979.53,,
25.9,3187.22,16011.38,,
25.91,3192.72,16043.28,,
25.92,3198.08,16075.23,,
25.93,3203.42,16107.24,,
25.94,3208.95,16139.3,,
25.95,3214.22,16171.42,,
25.96,3219.47,16203.58,,
25.97,3224.88,16235.8,,
25.98,3230.33,16268.08,,
25.99,3235.73,16300.41,,
26,3241.14,16332.8,,
26.01,3246.62,16365.24,,
26.02,3252.18,16397.73,,
26.03,3257.75,16430.28,,
26.04,3263.77,16462.89,,
26.05,3269.34,16495.55,,
26.06,3274.82,16528.27,,
26.07,3280.27,16561.05,,
26.08,3285.77,16593.88,,
26.09,3291.21,16626.76,,
26.1,3296.65,16659.7,,
26.11,3302.11,16692.7,,
26.12,3307.67,16725.75,,
26.13,3313.23,16758.85,,
26.14,3318.85,16792.01,,
26.15,3324.48,16825.23,,
26.16,3330.1,16858.5,,
26.17,3335.76,16891.83,,
26.18,3341.45,16925.22,,
26.19,3347.13,16958.66,,
26.2,3352.82,16992.16,,
26.21,3358.5,17025.71,,
26.22,3364.24,17059.33,,
26.23,3370.01,17093,,
26.24,3375.65,17126.73,,
26.25,3381.28,17160.51,,
26.26,3386.92,17194.35,,
26.27,3392.53,17228.25,,
26.28,3398.06,17262.21,,
26.29,3403.54,17296.21,,
26.3,3408.97,17330.27,,
26.31,3414.46,17364.39,,
26.32,3420.09,17398.56,,
26.33,3425.67,17432.79,,
26.34,3431.24,17467.08,,
26.35,3436.74,17501.42,,
26.36,3442.26,17535.81,,
26.37,3447.78,17570.27,,
26.38,3453.24,17604.76,,
26.39,3458.66,17639.33,,
26.4,3464.07,17673.94,,
26.41,3469.48,17708.61,,
26.42,3475.04,17743.33,,
26.43,3480.83,17778.11,,
26.44,3486.58,17812.95,,
26.45,3492.44,17847.84,,
26.46,3498.21,17882.79,,
26.47,3503.8,17917.8,,
26.48,3509.28,17952.87,,
26.49,3514.75,17987.99,,
26.5,3520.38,18023.17,,
26.51,3525.99,18058.4,,
26.52,3531.61,18093.69,,
26.53,3537.11,18129.03,,
26.54,3542.75,18164.43,,
26.55,3548.21,18199.88,,
26.56,3553.54,18235.39,,
26.57,3558.88,18270.96,,
26.58,3564.47,18306.57,,
26.59,3570.12,18342.25,,
26.6,3575.74,18377.98,,
26.61,3581.24,18413.76,,
26.62,3586.64,18449.6,,
26.63,3591.94,18485.49,,
26.64,3597.16,18521.44,,
26.65,3602.5,18557.43,,
26.66,3607.87,18593.49,,
26.67,3613.14,18629.59,,
26.68,3618.41,18665.75,,
26.69,3623.61,18701.96,,
26.7,3628.77,18738.23,,
26.71,3633.86,18774.53,,
26.72,3639.04,18810.9,,
26.73,3644.19,18847.32,,
26.74,3649.29,18883.78,,
26.75,3654.45,18920.3,,
26.76,3659.65,18956.87,,
26.77,3664.81,18993.5,,
26.78,3670.04,19030.17,,
26.79,3675.38,19066.9,,
26.8,3680.66,19103.67,,
26.81,3685.98,19140.51,,
26.82,3691.17,19177.39,,
26.83,3696.33,19214.33,,
26.84,3701.46,19251.32,,
26.85,3706.61,19288.36,,
26.86,3711.71,19325.46,,
26.87,3716.78,19362.6,,
26.88,3721.81,19399.79,,
26.89,3726.79,19437.03,,
26.9,3731.68,19474.32,,
26.91,3736.49,19511.67,,
26.92,3741.29,19549.06,,
26.93,3746.11,19586.49,,
26.94,3750.9,19623.98,,
26.95,3755.67,19661.51,,
26.96,3760.7,19699.09,,
26.97,3765.7,19736.72,,
26.98,3770.5,19774.4,,
26.99,3775.18,19812.13,,
27,3779.86,19849.91,,
27.01,3784.47,19887.73,,
27.02,3789.09,19925.6,,
27.03,3793.66,19963.51,,
27.04,3798.24,20001.48,,
27.05,3802.82,20039.47,,
27.06,3807.39,20077.53,,
27.07,3811.95,20115.62,,
27.08,3816.51,20153.77,,
27.09,3821.21,20191.96,,
27.1,3825.94,20230.19,,
27.11,3830.66,20268.48,,
27.12,3835.33,20306.81,,
27.13,3839.98,20345.18,,
27.14,3844.66,20383.6,,
27.15,3849.37,20422.07,,
27.16,3853.99,20460.59,,
27.17,3858.49,20499.15,,
27.18,3862.92,20537.76,,
27.19,3867.32,20576.41,,
27.2,3871.69,20615.11,,
27.21,3876.06,20653.84,,
27.22,3880.41,20692.63,,
27.23,3884.68,20731.45,,
27.24,3888.94,20770.32,,
27.25,3893.21,20809.23,,
27.26,3897.51,20848.19,,
27.27,3901.81,20887.18,,
27.28,3906.14,20926.23,,
27.29,3910.5,20965.31,,
27.3,3914.84,21004.43,,
27.31,3919.09,21043.6,,
27.32,3923.32,21082.81,,
27.33,3927.57,21122.07,,
27.34,3931.8,21161.36,,
27.35,3936.07,21200.71,,
27.36,3940.36,21240.09,,
27.37,3944.64,21279.52,,
27.38,3949.06,21318.98,,
27.39,3953.66,21358.49,,
27.4,3958.3,21398.05,,
27.41,3962.89,21437.66,,
27.42,3967.2,21477.31,,
27.43,3971.65,21517,,
27.44,3976.03,21556.74,,
27.45,3980.32,21596.53,,
27.46,3984.6,21636.34,,
27.47,3988.86,21676.21,,
27.48,3993.25,21716.12,,
27.49,3997.65,21756.08,,
27.5,4001.99,21796.08,,
27.51,4006.28,21836.12,,
27.52,4010.57,21876.21,,
27.53,4014.81,21916.33,,
27.54,4018.9,21956.5,,
27.55,4022.95,21996.71,,
27.56,4026.98,22036.96,,
27.57,4030.99,22077.25,,
27.58,4035,22117.58,,
27.59,4039.04,22157.95,,
27.6,4043.1,22198.36,,
27.61,4047.17,22238.81,,
27.62,4051.26,22279.31,,
27.63,4055.39,22319.83,,
27.64,4059.53,22360.41,,
27.65,4063.66,22401.03,,
27.66,4067.76,22441.68,,
27.67,4071.83,22482.38,,
27.68,4075.92,22523.12,,
27.69,4079.98,22563.9,,
27.7,4084.01,22604.72,,
27.71,4088.04,22645.58,,
27.72,4092.09,22686.48,,
27.73,4096.2,22727.42,,
27.74,4100.37,22768.4,,
27.75,4104.51,22809.43,,
27.76,4108.65,22850.5,,
27.77,4112.82,22891.61,,
27.78,4117.01,22932.75,,
27.79,4121.19,22973.95,,
27.8,4125.43,23015.17,,
27.81,4129.68,23056.45,,
27.82,4133.92,23097.77,,
27.83,4138.15,23139.13,,
27.84,4142.39,23180.53,,
27.85,4146.7,23221.98,,
27.86,4151.12,23263.47,,
27.87,4155.63,23305,,
27.88,4160.07,23346.58,,
27.89,4164.44,23388.2,,
27.9,4168.78,23429.87,,
27.91,4173.09,23471.58,,
27.92,4177.38,23513.33,,
27.93,4181.71,23555.13,,
27.94,4186.1,23596.97,,
27.95,4190.54,23638.85,,
27.96,4195.05,23680.77,,
27.97,4199.52,23722.75,,
27.98,4203.94,23764.76,,
27.99,4208.37,23806.83,,
28,4212.73,23848.93,,
28.01,4217.06,23891.08,,
28.02,4221.39,23933.28,,
28.03,4225.75,23975.51,,
28.04,4230.1,24017.79,,
28.05,4234.48,24060.11,,
28.06,4238.8,24102.48,,
28.07,4243.1,24144.89,,
28.08,4247.37,24187.34,,
28.09,4251.64,24229.84,,
28.1,4255.91,24272.37,,
28.11,4260.24,24314.96,,
28.12,4264.63,24357.58,,
28.13,4269.06,24400.24,,
28.14,4273.45,24442.96,,
28.15,4277.91,24485.71,,
28.16,4282.53,24528.52,,
28.17,4287.24,24571.37,,
28.18,4291.89,24614.26,,
28.19,4296.59,24657.21,,
28.2,4301.29,24700.2,,
28.21,4305.96,24743.23,,
28.22,4310.53,24786.31,,
28.23,4314.99,24829.44,,
28.24,4319.47,24872.61,,
28.25,4323.93,24915.83,,
28.26,4328.37,24959.09,,
28.27,4332.77,25002.4,,
28.28,4337.18,25045.75,,
28.29,4341.66,25089.14,,
28.3,4346.24,25132.58,,
28.31,4350.93,25176.06,,
28.32,4355.52,25219.6,,
28.33,4360.04,25263.17,,
28.34,4364.55,25306.8,,
28.35,4369.09,25350.47,,
28.36,4373.64,25394.18,,
28.37,4378.23,25437.94,,
28.38,4382.87,25481.74,,
28.39,4387.48,25525.59,,
28.4,4392.01,25569.49,,
28.41,4396.49,25613.44,,
28.42,4400.85,25657.42,,
28.43,4405.18,25701.46,,
28.44,4409.48,25745.53,,
28.45,4413.8,25789.65,,
28.46,4418.12,25833.8,,
28.47,4422.41,25878,,
28.48,4426.68,25922.25,,
28.49,4430.95,25966.54,,
28.5,4435.22,26010.87,,
28.51,4439.46,26055.25,,
28.52,4443.73,26099.66,,
28.53,4448.03,26144.12,,
28.54,4452.39,26188.62,,
28.55,4456.79,26233.16,,
28.56,4461.18,26277.75,,
28.57,4465.62,26322.39,,
28.58,4470.07,26367.07,,
28.59,4474.43,26411.79,,
28.6,4478.71,26456.56,,
28.61,4482.99,26501.37,,
28.62,4487.26,26546.22,,
28.63,4491.49,26591.11,,
28.64,4495.76,26636.04,,
28.65,4500.07,26681.02,,
28.66,4504.43,26726.05,,
28.67,4508.82,26771.11,,
28.68,4513.13,26816.23,,
28.69,4517.34,26861.38,,
28.7,4521.53,26906.58,,
28.71,4525.78,26951.8,,
28.72,4530.01,26997.08,,
28.73,4534.21,27042.41,,
28.74,4538.5,27087.77,,
28.75,4542.73,27133.18,,
28.76,4546.9,27178.63,,
28.77,4551.03,27224.12,,
28.78,4555.17,27269.65,,
28.79,4559.36,27315.22,,
28.8,4563.69,27360.83,,
28.81,4568.09,27406.49,,
28.82,4572.51,27452.19,,
28.83,4576.86,27497.94,,
28.84,4581.09,27543.73,,
28.85,4585.32,27589.57,,
28.86,4589.57,27635.44,,
28.87,4593.84,27681.36,,
28.88,4598.05,27727.31,,
28.89,4602.28,27773.31,,
28.9,4606.56,27819.36,,
28.91,4610.89,27865.45,,
28.92,4615.29,27911.58,,
28.93,4619.73,27957.76,,
28.94,4624.13,28003.98,,
28.95,4628.62,28050.24,,
28.96,4633.05,28096.54,,
28.97,4637.45,28142.9,,
28.98,4641.93,28189.29,,
28.99,4646.35,28235.74,,
29,4650.75,28282.22,,
29.01,4655.22,28328.75,,
29.02,4659.67,28375.33,,
29.03,4664.09,28421.95,,
29.04,4668.49,28468.61,,
29.05,4672.88,28515.31,,
29.06,4677.32,28562.07,,
29.07,4681.78,28608.86,,
29.08,4686.21,28655.7,,
29.09,4690.64,28702.59,,
29.1,4695,28749.52,,
29.11,4699.28,28796.49,,
29.12,4703.57,28843.5,,
29.13,4707.86,28890.56,,
29.14,4712.19,28937.66,,
29.15,4716.72,28984.8,,
29.16,4721.21,29031.99,,
29.17,4725.75,29079.23,,
29.18,4730.34,29126.51,,
29.19,4734.81,29173.84,,
29.2,4739.32,29221.21,,
29.21,4743.87,29268.62,,
29.22,4748.51,29316.08,,
29.23,4753.2,29363.59,,
29.24,4757.84,29411.14,,
29.25,4762.64,29458.75,,
29.26,4767.54,29506.4,,
29.27,4772.44,29554.1,,
29.28,4777.22,29601.85,,
29.29,4781.88,29649.65,,
29.3,4786.53,29697.48,,
29.31,4791.16,29745.37,,
29.32,4795.7,29793.3,,
29.33,4800.19,29841.29,,
29.34,4804.64,29889.31,,
29.35,4809.09,29937.38,,
29.36,4813.52,29985.5,,
29.37,4817.92,30033.65,,
29.38,4822.32,30081.85,,
29.39,4826.72,30130.09,,
29.4,4831.1,30178.38,,
29.41,4835.49,30226.72,,
29.42,4839.9,30275.09,,
29.43,4844.31,30323.52,,
29.44,4848.67,30371.98,,
29.45,4853.03,30420.49,,
29.46,4857.37,30469.04,,
29.47,4861.69,30517.63,,
29.48,4866,30566.27,,
29.49,4870.27,30614.96,,
29.5,4874.53,30663.68,,
29.51,4878.8,30712.45,,
29.52,4883.06,30761.26,,
29.53,4887.28,30810.11,,
29.54,4891.51,30859.01,,
29.55,4895.8,30907.94,,
29.56,4900.09,30956.91,,
29.57,4904.42,31005.94,,
29.58,4908.78,31055.01,,
29.59,4913.17,31104.12,,
29.6,4917.65,31153.27,,
29.61,4922.17,31202.47,,
29.62,4926.65,31251.72,,
29.63,4931.07,31301,,
29.64,4935.59,31350.33,,
29.65,4940.14,31399.71,,
29.66,4944.69,31449.14,,
29.67,4949.31,31498.61,,
29.68,4953.86,31548.13,,
29.69,4958.47,31597.69,,
29.7,4963.03,31647.3,,
29.71,4967.7,31696.94,,
29.72,4972.33,31746.64,,
29.73,4976.94,31796.39,,
29.74,4981.53,31846.19,,
29.75,4986.14,31896.02,,
29.76,4990.72,31945.91,,
29.77,4995.26,31995.84,,
29.78,4999.77,32045.82,,
29.79,5004.29,32095.84,,
29.8,5008.81,32145.9,,
29.81,5013.43,32196.01,,
29.82,5018.07,32246.17,,
29.83,5022.65,32296.37,,
29.84,5027.12,32346.62,,
29.85,5031.58,32396.91,,
29.86,5036.03,32447.26,,
29.87,5040.4,32497.64,,
29.88,5044.74,32548.06,,
29.89,5049.07,32598.53,,
29.9,5053.42,32649.04,,
29.91,5057.85,32699.6,,
29.92,5062.34,32750.2,,
29.93,5066.79,32800.85,,
29.94,5071.36,32851.54,,
29.95,5075.89,32902.28,,
29.96,5080.42,32953.05,,
29.97,5085.06,33003.88,,
29.98,5089.68,33054.75,,
29.99,5094.31,33105.67,,
30,5099.03,33156.64,,
30.01,5103.75,33207.65,,
30.02,5108.41,33258.72,,
30.03,5113.04,33309.83,,
30.04,5117.7,33360.98,,
30.05,5122.32,33412.17,,
30.06,5126.93,33463.42,,
30.07,5131.51,33514.71,,
30.08,5136.14,33566.05,,
30.09,5140.72,33617.44,,
30.1,5145.38,33668.87,,
30.11,5150.14,33720.35,,
30.12,5154.9,33771.87,,
30.13,5159.68,33823.44,,
30.14,5164.45,33875.06,,
30.15,5169.12,33926.73,,
30.16,5173.76,33978.45,,
30.17,5178.42,34030.21,,
30.18,5183.05,34082.02,,
30.19,5187.67,34133.87,,
30.2,5192.3,34185.77,,
30.21,5197,34237.71,,
30.22,5201.73,34289.7,,
30.23,5206.51,34341.75,,
30.24,5211.38,34393.84,,
30.25,5216.37,34445.98,,
30.26,5221.46,34498.17,,
30.27,5226.44,34550.41,,
30.28,5231.39,34602.7,,
30.29,5236.39,34655.04,,
30.3,5241.41,34707.42,,
30.31,5246.31,34759.86,,
30.32,5251.21,34812.35,,
30.33,5256.06,34864.88,,
30.34,5260.94,34917.47,,
30.35,5265.92,34970.11,,
30.36,5270.92,35022.79,,
30.37,5275.96,35075.53,,
30.38,5281.06,35128.3,,
30.39,5286,35181.14,,
30.4,5290.99,35234.03,,
30.41,5296.11,35286.96,,
30.42,5301.21,35339.95,,
30.43,5306.25,35392.99,,
30.44,5311.38,35446.08,,
30.45,5316.45,35499.22,,
30.46,5321.48,35552.4,,
30.47,5326.56,35605.64,,
30.48,5331.71,35658.93,,
30.49,5336.87,35712.28,,
30.5,5341.86,35765.67,,
30.51,5346.81,35819.12,,
30.52,5351.65,35872.61,,
30.53,5356.5,35926.15,,
30.54,5361.36,35979.75,,
30.55,5366.28,36033.37,,
30.56,5371.21,36087.06,,
30.57,5376.16,36140.8,,
30.58,5381.11,36194.59,,
30.59,5386.11,36248.42,,
30.6,5391.22,36302.31,,
30.61,5396.56,36356.25,,
30.62,5401.9,36410.25,,
30.63,5407.06,36464.28,,
30.64,5412.26,36518.38,,
30.65,5417.43,36572.53,,
30.66,5422.6,36626.73,,
30.67,5427.83,36680.99,,
30.68,5433.06,36735.29,,
30.69,5438.28,36789.65,,
30.7,5443.52,36844.06,,
30.71,5448.78,36898.51,,
30.72,5454.03,36953.03,,
30.73,5459.25,37007.59,,
30.74,5464.39,37062.21,,
30.75,5469.57,37116.89,,
30.76,5474.6,37171.61,,
30.77,5479.56,37226.38,,
30.78,5484.49,37281.2,,
30.79,5489.29,37336.07,,
30.8,5494.03,37390.98,,
30.81,5498.79,37445.94,,
30.82,5503.63,37500.96,,
30.83,5508.45,37556.02,,
30.84,5513.35,37611.13,,
30.85,5518.34,37666.29,,
30.86,5523.43,37721.5,,
30.87,5528.53,37776.76,,
30.88,5533.59,37832.06,,
30.89,5538.7,37887.42,,
30.9,5543.85,37942.84,,
30.91,5548.95,37998.3,,
30.92,5554.02,38053.82,,
30.93,5559,38109.38,,
30.94,5563.98,38165,,
30.95,5568.91,38220.67,,
30.96,5573.88,38276.37,,
30.97,5578.94,38332.14,,
30.98,5584.1,38387.95,,
30.99,5589.28,38443.82,,
31,5594.48,38499.74,,
31.01,5599.71,38555.7,,
31.02,5605.01,38611.74,,
31.03,5610.39,38667.81,,
31.04,5615.74,38723.95,,
31.05,5621.15,38780.12,,
31.06,5626.57,38836.38,,
31.07,5632.47,38892.66,,
31.08,5638.23,38949.02,,
31.09,5643.57,39005.43,,
31.1,5648.87,39061.88,,
31.11,5654.07,39118.4,,
31.12,5659.22,39174.96,,
31.13,5664.33,39231.59,,
31.14,5669.47,39288.25,,
31.15,5674.66,39344.98,,
31.16,5679.74,39401.75,,
31.17,5684.83,39458.56,,
31.18,5689.99,39515.45,,
31.19,5695.07,39572.36,,
31.2,5700.18,39629.35,,
31.21,5705.24,39686.37,,
31.22,5710.38,39743.46,,
31.23,5715.5,39800.58,,
31.24,5720.59,39857.77,,
31.25,5725.62,39914.99,,
31.26,5730.63,39972.26,,
31.27,5735.64,40029.61,,
31.28,5740.66,40086.98,,
31.29,5745.79,40144.42,,
31.3,5751.01,40201.9,,
31.31,5756.15,40259.45,,
31.32,5761.32,40317.02,,
31.33,5766.51,40374.68,,
31.34,5771.79,40432.36,,
31.35,5776.99,40490.09,,
31.36,5782.17,40547.9,,
31.37,5787.36,40605.74,,
31.38,5792.49,40663.65,,
31.39,5797.64,40721.59,,
31.4,5802.91,40779.6,,
31.41,5808.13,40837.65,,
31.42,5813.27,40895.75,,
31.43,5818.31,40953.92,,
31.44,5823.34,41012.12,,
31.45,5828.32,41070.39,,
31.46,5833.23,41128.69,,
31.47,5838.17,41187.06,,
31.48,5843.14,41245.45,,
31.49,5848.14,41303.92,,
31.5,5853.14,41362.42,,
31.51,5858.07,41420.96,,
31.52,5862.99,41479.58,,
31.53,5867.93,41538.23,,
31.54,5872.86,41596.94,,
31.55,5877.79,41655.69,,
31.56,5882.71,41714.5,,
31.57,5887.69,41773.34,,
31.58,5892.75,41832.26,,
31.59,5897.71,41891.2,,
31.6,5902.61,41950.19,,
31.61,5907.5,42009.26,,
31.62,5912.36,42068.35,,
31.63,5917.2,42127.51,,
31.64,5922.04,42186.69,,
31.65,5926.96,42245.95,,
31.66,5931.95,42305.23,,
31.67,5937.01,42364.57,,
31.68,5942.13,42423.98,,
31.69,5947.32,42483.41,,
31.7,5952.51,42542.92,,
31.71,5957.72,42602.47,,
31.72,5962.95,42662.08,,
31.73,5968.09,42721.73,,
31.74,5973.17,42781.45,,
31.75,5978.15,42841.19,,
31.76,5983.18,42900.99,,
31.77,5988.38,42960.86,,
31.78,5993.73,43020.76,,
31.79,5999.17,43080.74,,
31.8,6004.6,43140.75,,
31.81,6010.09,43200.83,,
31.82,6015.42,43260.95,,
31.83,6020.66,43321.14,,
31.84,6025.94,43381.37,,
31.85,6031.15,43441.64,,
31.86,6036.34,43501.99,,
31.87,6041.59,43562.37,,
31.88,6047.27,43622.83,,
31.89,6053.04,43683.32,,
31.9,6058.82,43743.89,,
31.91,6064.61,43804.5,,
31.92,6070.28,43865.17,,
31.93,6075.78,43925.91,,
31.94,6081.24,43986.68,,
31.95,6086.88,44047.54,,
31.96,6092.54,44108.42,,
31.97,6098.13,44169.39,,
31.98,6103.67,44230.39,,
31.99,6109.21,44291.46,,
32,6114.69,44352.58,,
32.01,6120.23,44413.74,,
32.02,6125.72,44474.98,,
32.03,6131.19,44536.26,,
32.04,6136.64,44597.61,,
32.05,6142.15,44658.99,,
32.06,6147.7,44720.46,,
32.07,6153.14,44781.95,,
32.08,6158.56,44843.52,,
32.09,6163.93,44905.12,,
32.1,6169.33,44966.78,,
32.11,6174.77,45028.51,,
32.12,6180.29,45090.28,,
32.13,6185.82,45152.12,,
32.14,6191.25,45214,,
32.15,6196.61,45275.95,,
32.16,6201.92,45337.93,,
32.17,6207.24,45399.97,,
32.18,6212.64,45462.08,,
32.19,6218,45524.22,,
32.2,6223.32,45586.44,,
32.21,6228.65,45648.69,,
32.22,6234.06,45711.02,,
32.23,6239.44,45773.38,,
32.24,6244.89,45835.81,,
32.25,6250.16,45898.28,,
32.26,6255.39,45960.79,,
32.27,6260.63,46023.38,,
32.28,6265.87,46086.01,,
32.29,6271.08,46148.7,,
32.3,6276.3,46211.43,,
32.31,6281.55,46274.23,,
32.32,6286.93,46337.07,,
32.33,6292.4,46399.98,,
32.34,6297.6,46462.92,,
32.35,6302.81,46525.91,,
32.36,6307.99,46588.97,,
32.37,6313.13,46652.07,,
32.38,6318.23,46715.24,,
32.39,6323.32,46778.44,,
32.4,6328.33,46841.71,,
32.41,6333.49,46905.01,,
32.42,6338.93,46968.36,,
32.43,6344.08,47031.79,,
32.44,6349.17,47095.24,,
32.45,6354.31,47158.77,,
32.46,6359.45,47222.33,,
32.47,6364.51,47285.97,,
32.48,6369.41,47349.62,,
32.49,6374.31,47413.36,,
32.5,6379.18,47477.11,,
32.51,6384.04,47540.92,,
32.52,6389.11,47604.8,,
32.53,6394.24,47668.7,,
32.54,6399.28,47732.69,,
32.55,6404.36,47796.69,,
32.56,6409.42,47860.78,,
32.57,6414.51,47924.88,,
32.58,6419.6,47989.07,,
32.59,6424.65,48053.28,,
32.6,6429.73,48117.54,,
32.61,6434.86,48181.88,,
32.62,6440,48246.24,,
32.63,6445.09,48310.68,,
32.64,6450.35,48375.15,,
32.65,6455.75,48439.69,,
32.66,6461.02,48504.26,,
32.67,6466.31,48568.89,,
32.68,6471.39,48633.59,,
32.69,6476.35,48698.32,,
32.7,6481.31,48763.12,,
32.71,6486.3,48827.95,,
32.72,6491.25,48892.85,,
32.73,6496.26,48957.78,,
32.74,6501.35,49022.78,,
32.75,6506.39,49087.81,,
32.76,6511.29,49152.88,,
32.77,6516.17,49218.04,,
32.78,6521.05,49283.21,,
32.79,6525.92,49348.46,,
32.8,6530.83,49413.73,,
32.81,6535.88,49479.08,,
32.82,6540.97,49544.45,,
32.83,6546.14,49609.9,,
32.84,6551.36,49675.38,,
32.85,6556.56,49740.91,,
32.86,6561.77,49806.51,,
32.87,6567.11,49872.14,,
32.88,6572.13,49937.85,,
32.89,6577.03,50003.59,,
32.9,6581.93,50069.4,,
32.91,6586.83,50135.23,,
32.92,6591.68,50201.11,,
32.93,6596.51,50267.07,,
32.94,6601.42,50333.05,,
32.95,6606.4,50399.1,,
32.96,6611.51,50465.18,,
32.97,6616.82,50531.34,,
32.98,6621.98,50597.52,,
32.99,6627.1,50663.78,,
33,6632.07,50730.06,,
33.01,6636.99,50796.4,,
33.02,6641.84,50862.8,,
33.03,6646.81,50929.24,,
33.04,6652.07,50995.75,,
33.05,6657.52,51062.29,,
33.06,6662.89,51128.9,,
33.07,6668.21,51195.55,,
33.08,6673.42,51262.27,,
33.09,6678.6,51329.02,,
33.1,6684,51395.81,,
33.11,6689.39,51462.7,,
33.12,6694.83,51529.61,,
33.13,6700.08,51596.59,,
33.14,6705.3,51663.62,,
33.15,6710.48,51730.71,,
33.16,6715.66,51797.83,,
33.17,6720.82,51864.99,,
33.18,6726.03,51932.24,,
33.19,6731.26,51999.52,,
33.2,6736.51,52066.87,,
33.21,6741.78,52134.25,,
33.22,6746.85,52201.71,,
33.23,6751.8,52269.19,,
33.24,6756.78,52336.75,,
33.25,6761.66,52404.33,,
33.26,6766.51,52471.96,,
33.27,6771.33,52539.66,,
33.28,6776.11,52607.39,,
33.29,6780.9,52675.19,,
33.3,6785.76,52743.01,,
33.31,6790.59,52810.91,,
33.32,6795.4,52878.83,,
33.33,6800.18,52946.82,,
33.34,6805.01,53014.83,,
33.35,6809.89,53082.9,,
33.36,6814.76,53151.04,,
33.37,6819.66,53219.2,,
33.38,6824.55,53287.43,,
33.39,6829.47,53355.69,,
33.4,6834.4,53424.02,,
33.41,6839.29,53492.38,,
33.42,6844.13,53560.78,,
33.43,6849.03,53629.27,,
33.44,6853.98,53697.77,,
33.45,6858.95,53766.35,,
33.46,6863.97,53834.95,,
33.47,6869.08,53903.63,,
33.48,6874.08,53972.33,,
33.49,6879.16,54041.12,,
33.5,6884.35,54109.93,,
33.51,6889.7,54178.78,,
33.52,6895.07,54247.72,,
33.53,6900.15,54316.68,,
33.54,6905.26,54385.72,,
33.55,6910.31,54454.79,,
33.56,6915.26,54523.94,,
33.57,6920.18,54593.1,,
33.58,6925.13,54662.34,,
33.59,6929.96,54731.61,,
33.6,6934.72,54800.92,,
33.61,6939.45,54870.3,,
33.62,6944.19,54939.71,,
33.63,6948.93,55009.19,,
33.64,6953.66,55078.69,,
33.65,6958.41,55148.27,,
33.66,6963.2,55217.87,,
33.67,6968.06,55287.51,,
33.68,6973.02,55357.23,,
33.69,6977.87,55426.97,,
33.7,6982.71,55496.79,,
33.71,6987.6,55566.63,,
33.72,6992.46,55636.55,,
33.73,6997.17,55706.48,,
33.74,7001.78,55776.49,,
33.75,7006.37,55846.52,,
33.76,7010.98,55916.59,,
33.77,7015.49,55986.74,,
33.78,7020,56056.91,,
33.79,7024.48,56127.15,,
33.8,7028.93,56197.4,,
33.81,7033.43,56267.72,,
33.82,7037.97,56338.07,,
33.83,7042.53,56408.49,,
33.84,7047.12,56478.92,,
33.85,7051.72,56549.41,,
33.86,7056.34,56619.97,,
33.87,7060.97,56690.54,,
33.88,7065.63,56761.19,,
33.89,7070.31,56831.85,,
33.9,7074.97,56902.59,,
33.91,7079.6,56973.36,,
33.92,7084.28,57044.16,,
33.93,7088.95,57115.05,,
33.94,7093.61,57185.95,,
33.95,7098.39,57256.92,,
33.96,7103.28,57327.92,,
33.97,7108.1,57398.99,,
33.98,7112.82,57470.08,,
33.99,7117.44,57541.25,,
34,7122.04,57612.44,,
34.01,7126.73,57683.66,,
34.02,7131.5,57754.98,,
34.03,7136.3,57826.3,,
34.04,7141.09,57897.7,,
34.05,7145.95,57969.13,,
34.06,7150.82,58040.62,,
34.07,7155.78,58112.15,,
34.08,7160.65,58183.75,,
34.09,7165.52,58255.36,,
34.1,7170.31,58327.03,,
34.11,7175.01,58398.77,,
34.12,7179.61,58470.54,,
34.13,7184.21,58542.37,,
34.14,7188.81,58614.22,,
34.15,7193.44,58686.15,,
34.16,7198.1,58758.09,,
34.17,7202.91,58830.09,,
34.18,7207.62,58902.16,,
34.19,7212.27,58974.24,,
34.2,7216.9,59046.4,,
34.21,7221.58,59118.58,,
34.22,7226.3,59190.84,,
34.23,7231.05,59263.11,,
34.24,7236.11,59335.46,,
34.25,7241.48,59407.84,,
34.26,7246.93,59480.27,,
34.27,7252.25,59552.78,,
34.28,7257.45,59625.31,,
34.29,7262.58,59697.93,,
34.3,7267.75,59770.57,,
34.31,7272.86,59843.29,,
34.32,7277.95,59916.03,,
34.33,7282.98,59988.85,,
34.34,7287.99,60061.7,,
34.35,7292.99,60134.59,,
34.36,7298.06,60207.56,,
34.37,7303.29,60280.55,,
34.38,7308.54,60353.63,,
34.39,7314.13,60426.73,,
34.4,7319.79,60499.91,,
34.41,7325.03,60573.13,,
34.42,7330.1,60646.39,,
34.43,7335.12,60719.73,,
34.44,7340.24,60793.09,,
34.45,7345.39,60866.54,,
34.46,7350.57,60940.01,,
34.47,7355.73,61013.55,,
34.48,7360.84,61087.12,,
34.49,7365.94,61160.77,,
34.5,7370.99,61234.45,,
34.51,7375.95,61308.17,,
34.52,7380.91,61381.97,,
34.53,7385.81,61455.79,,
34.54,7390.7,61529.69,,
34.55,7395.58,61603.61,,
34.56,7400.44,61677.61,,
34.57,7405.27,61751.62,,
34.58,7410.18,61825.71,,
34.59,7415.24,61899.82,,
34.6,7420.45,61973.99,,
34.61,7425.64,62048.24,,
34.62,7430.53,62122.51,,
34.63,7435.4,62196.85,,
34.64,7440.44,62271.22,,
34.65,7445.58,62345.67,,
34.66,7450.55,62420.13,,
34.67,7455.4,62494.65,,
34.68,7460.17,62569.24,,
34.69,7464.91,62643.86,,
34.7,7469.65,62718.55,,
34.71,7474.35,62793.26,,
34.72,7479.06,62868.03,,
34.73,7483.82,62942.84,,
34.74,7488.64,63017.71,,
34.75,7493.32,63092.62,,
34.76,7497.95,63167.56,,
34.77,7502.58,63242.58,,
34.78,7507.2,63317.62,,
34.79,7511.85,63392.72,,
34.8,7516.54,63467.85,,
34.81,7521.28,63543.06,,
34.82,7526.02,63618.28,,
34.83,7530.83,63693.58,,
34.84,7535.57,63768.9,,
34.85,7540.3,63844.27,,
34.86,7545,63919.71,,
34.87,7549.68,63995.18,,
34.88,7554.42,64070.71,,
34.89,7559.15,64146.27,,
34.9,7563.82,64221.9,,
34.91,7568.47,64297.54,,
34.92,7573.18,64373.24,,
34.93,7577.85,64449.01,,
34.94,7582.44,64524.8,,
34.95,7587.06,64600.67,,
34.96,7591.65,64676.54,,
34.97,7596.14,64752.5,,
34.98,7600.54,64828.47,,
34.99,7604.89,64904.52,,
35,7609.23,64980.57,,
35.01,7613.55,65056.67,,
35.02,7617.88,65132.85,,
35.03,7622.19,65209.04,,
35.04,7626.61,65285.3,,
35.05,7631.01,65361.57,,
35.06,7635.38,65437.92,,
35.07,7639.68,65514.28,,
35.08,7643.92,65590.71,,
35.09,7648.15,65667.16,,
35.1,7652.36,65743.65,,
35.11,7656.54,65820.22,,
35.12,7660.7,65896.79,,
35.13,7664.84,65973.43,,
35.14,7668.96,66050.09,,
35.15,7673.07,66126.81,,
35.16,7677.21,66203.55,,
35.17,7681.41,66280.33,,
35.18,7685.63,66357.18,,
35.19,7689.85,66434.05,,
35.2,7694.13,66510.99,,
35.21,7698.51,66587.93,,
35.22,7702.72,66664.96,,
35.23,7706.86,66741.99,,
35.24,7710.96,66819.1,,
35.25,7715.06,66896.21,,
35.26,7719.21,66973.37,,
35.27,7723.35,67050.6,,
35.28,7727.48,67127.84,,
35.29,7731.61,67205.15,,
35.3,7735.77,67282.48,,
35.31,7739.95,67359.88,,
35.32,7744.17,67437.28,,
35.33,7748.33,67514.76,,
35.34,7752.45,67592.25,,
35.35,7756.58,67669.79,,
35.36,7760.68,67747.39,,
35.37,7764.77,67825,,
35.38,7768.91,67902.68,,
35.39,7773.08,67980.38,,
35.4,7777.2,68058.15,,
35.41,7781.32,68135.93,,
35.42,7785.5,68213.75,,
35.43,7789.69,68291.64,,
35.44,7793.88,68369.55,,
35.45,7797.97,68447.52,,
35.46,7802,68525.51,,
35.47,7805.98,68603.57,,
35.48,7809.93,68681.64,,
35.49,7813.93,68759.77,,
35.5,7817.92,68837.92,,
35.51,7822.25,68916.11,,
35.52,7826.42,68994.36,,
35.53,7830.53,69072.64,,
35.54,7834.58,69150.98,,
35.55,7838.59,69229.33,,
35.56,7842.61,69307.76,,
35.57,7846.63,69386.19,,
35.58,7850.68,69464.69,,
35.59,7854.77,69543.21,,
35.6,7858.97,69621.76,,
35.61,7863.03,69700.39,,
35.62,7867,69779.02,,
35.63,7870.93,69857.73,,
35.64,7874.85,69936.45,,
35.65,7878.8,70015.23,,
35.66,7882.71,70094.03,,
35.67,7886.62,70172.86,,
35.68,7890.51,70251.76,,
35.69,7894.38,70330.68,,
35.7,7898.28,70409.66,,
35.71,7902.19,70488.64,,
35.72,7906.05,70567.7,,
35.73,7909.98,70646.77,,
35.74,7913.97,70725.91,,
35.75,7917.97,70805.05,,
35.76,7921.9,70884.24,,
35.77,7925.8,70963.49,,
35.78,7929.71,71042.76,,
35.79,7933.77,71122.09,,
35.8,7937.76,71201.43,,
35.81,7941.71,71280.85,,
35.82,7945.68,71360.27,,
35.83,7949.63,71439.77,,
35.84,7953.56,71519.27,,
35.85,7957.49,71598.81,,
35.86,7961.45,71678.42,,
35.87,7965.43,71758.05,,
35.88,7969.47,71837.74,,
35.89,7973.5,71917.43,,
35.9,7977.9,71997.21,,
35.91,7981.96,72076.99,,
35.92,7985.87,72156.82,,
35.93,7989.72,72236.72,,
35.94,7993.55,72316.62,,
35.95,7997.33,72396.59,,
35.96,8001.1,72476.57,,
35.97,8004.89,72556.62,,
35.98,8008.69,72636.67,,
35.99,8012.5,72716.79,,
36,8016.29,72796.93,,
36.01,8020.09,72877.09,,
36.02,8023.9,72957.33,,
36.03,8027.71,73037.58,,
36.04,8031.55,73117.89,,
36.05,8035.39,73198.21,,
36.06,8039.31,73278.6,,
36.07,8043.26,73359,,
36.08,8047.25,73439.47,,
36.09,8051.27,73519.95,,
36.1,8055.36,73600.47,,
36.11,8059.53,73681.06,,
36.12,8063.78,73761.66,,
36.13,8068.1,73842.34,,
36.14,8072.4,73923.03,,
36.15,8076.62,74003.79,,
36.16,8080.84,74084.57,,
36.17,8085.12,74165.38,,
36.18,8089.41,74246.27,,
36.19,8093.73,74327.17,,
36.2,8098.05,74408.15,,
36.21,8102.42,74489.14,,
36.22,8106.82,74570.2,,
36.23,8111.32,74651.28,,
36.24,8115.69,74732.43,,
36.25,8120.1,74813.6,,
36.26,8124.52,74894.8,,
36.27,8128.96,74976.09,,
36.28,8133.45,75057.39,,
36.29,8138.89,75138.77,,
36.3,8143.5,75220.17,,
36.31,8148.16,75301.65,,
36.32,8152.82,75383.14,,
36.33,8157.47,75464.7,,
36.34,8162.14,75546.29,,
36.35,8166.92,75627.92,,
36.36,8171.67,75709.63,,
36.37,8176.41,75791.36,,
36.38,8181.17,75873.16,,
36.39,8185.96,75954.98,,
36.4,8190.75,76036.88,,
36.41,8195.54,76118.8,,
36.42,8200.32,76200.77,,
36.43,8205.16,76282.82,,
36.44,8210.04,76364.88,,
36.45,8214.97,76447.02,,
36.46,8219.91,76529.18,,
36.47,8224.88,76611.42,,
36.48,8230.25,76693.69,,
36.49,8235.43,76776.03,,
36.5,8240.66,76858.39,,
36.51,8246,76940.82,,
36.52,8251.49,77023.32,,
36.53,8256.84,77105.85,,
36.54,8262,77188.46,,
36.55,8267.04,77271.09,,
36.56,8271.98,77353.8,,
36.57,8276.81,77436.53,,
36.58,8281.42,77519.34,,
36.59,8285.9,77602.17,,
36.6,8290.36,77685.03,,
36.61,8294.78,77767.98,,
36.62,8299.1,77850.93,,
36.63,8303.38,77933.96,,
36.64,8307.63,78017,,
36.65,8311.82,78100.12,,
36.66,8316.04,78183.25,,
36.67,8320.24,78266.41,,
36.68,8324.41,78349.65,,
36.69,8328.59,78432.91,,
36.7,8332.83,78516.23,,
36.71,8336.95,78599.56,,
36.72,8341.04,78682.97,,
36.73,8345.1,78766.39,,
36.74,8349.15,78849.87,,
36.75,8353.2,78933.37,,
36.76,8357.23,79016.92,,
36.77,8361.26,79100.52,,
36.78,8365.28,79184.14,,
36.79,8369.27,79267.83,,
36.8,8373.24,79351.53,,
36.81,8377.2,79435.3,,
36.82,8381.15,79519.08,,
36.83,8385.07,79602.93,,
36.84,8388.99,79686.78,,
36.85,8392.94,79770.68,,
36.86,8396.97,79854.65,,
36.87,8401.38,79938.63,,
36.88,8405.31,80022.68,,
36.89,8409.24,80106.74,,
36.9,8413.12,80190.87,,
36.91,8417,80275,,
36.92,8420.93,80359.18,,
36.93,8424.93,80443.42,,
36.94,8429.12,80527.68,,
36.95,8433.15,80612.01,,
36.96,8437.22,80696.35,,
36.97,8441.22,80780.76,,
36.98,8445.14,80865.18,,
36.99,8449.05,80949.66,,
37,8452.98,81034.16,,
37.01,8458.24,81118.72,,
37.02,8463.5,81203.33,,
37.03,8468.76,81287.99,,
37.04,8474.02,81372.7,,
37.05,8479.28,81457.47,,
37.06,8484.53,81542.29,,
37.07,8489.79,81627.16,,
37.08,8495.05,81712.08,,
37.09,8500.31,81797.06,,
37.1,8505.57,81882.09,,
37.11,8510.83,81967.17,,
37.12,8516.09,82052.31,,
37.13,8521.35,82137.49,,
37.14,8526.61,82222.73,,
37.15,8531.87,82308.02,,
37.16,8537.12,82393.37,,
37.17,8542.38,82478.77,,
37.18,8547.64,82564.22,,
37.19,8552.9,82649.72,,
37.2,8558.16,82735.28,,
37.21,8563.42,82820.88,,
37.22,8568.68,82906.54,,
37.23,8573.94,82992.26,,
37.24,8579.2,83078.02,,
37.25,8584.46,83163.84,,
37.26,8589.71,83249.71,,
37.27,8594.97,83335.63,,
37.28,8600.23,83421.61,,
37.29,8605.49,83507.64,,
37.3,8610.75,83593.72,,
37.31,8616.01,83679.85,,
37.32,8621.27,83766.04,,
37.33,8626.53,83852.28,,
37.34,8631.79,83938.57,,
37.35,8637.05,84024.92,,
37.36,8642.3,84111.31,,
37.37,8647.56,84197.76,,
37.38,8652.82,84284.26,,
37.39,8658.08,84370.82,,
37.4,8663.34,84457.43,,
37.41,8668.6,84544.09,,
37.42,8673.86,84630.8,,
37.43,8679.12,84717.56,,
37.44,8684.38,84804.38,,
37.45,8689.64,84891.25,,
37.46,8694.89,84978.17,,
37.47,8700.15,85065.15,,
37.48,8705.41,85152.18,,
37.49,8710.67,85239.26,,
37.5,8715.93,85326.39,,
37.51,8721.19,85413.57,,
37.52,8726.45,85500.81,,
37.53,8731.71,85588.1,,
37.54,8736.97,85675.45,,
37.55,8742.23,85762.84,,
37.56,8747.48,85850.29,,
37.57,8752.74,85937.79,,
37.58,8758,86025.35,,
37.59,8763.26,86112.95,,
37.6,8768.52,86200.61,,
37.61,8773.78,86288.32,,
37.62,8779.04,86376.09,,
37.63,8784.3,86463.9,,
37.64,8789.56,86551.77,,
37.65,8794.82,86639.69,,
37.66,8800.07,86727.67,,
37.67,8805.33,86815.7,,
37.68,8810.59,86903.78,,
37.69,8815.85,86991.91,,
37.7,8821.11,87080.09,,
37.71,8826.37,87168.33,,
37.72,8831.63,87256.62,,
37.73,8836.89,87344.96,,
37.74,8842.15,87433.36,,
37.75,8847.41,87521.81,,
37.76,8852.66,87610.31,,
37.77,8857.92,87698.86,,
37.78,8863.18,87787.46,,
37.79,8868.44,87876.12,,
37.8,8873.7,87964.83,,
37.81,8878.96,88053.6,,
37.82,8884.22,88142.41,,
37.83,8889.48,88231.28,,
37.84,8894.74,88320.2,,
37.85,8900,88409.18,,
37.86,8905.25,88498.2,,
37.87,8910.51,88587.28,,
37.88,8915.77,88676.41,,
37.89,8921.03,88765.6,,
37.9,8926.29,88854.83,,
37.91,8931.55,88944.12,,
37.92,8936.81,89033.46,,
37.93,8942.07,89122.86,,
37.94,8947.33,89212.31,,
37.95,8952.59,89301.81,,
37.96,8957.84,89391.36,,
37.97,8963.1,89480.96,,
37.98,8968.36,89570.62,,
37.99,8973.62,89660.33,,
38,8978.88,89750.09,,
38.01,8984.14,89839.91,,
38.02,8989.4,89929.77,,
38.03,8994.66,90019.69,,
38.04,8999.92,90109.67,,
38.05,9005.18,90199.69,,
38.06,9010.43,90289.77,,
38.07,9015.69,90379.9,,
38.08,9020.95,90470.09,,
38.09,9026.21,90560.32,,
38.1,9031.47,90650.61,,
38.11,9036.73,90740.95,,
38.12,9041.99,90831.34,,
38.13,9047.25,90921.79,,
38.14,9052.51,91012.29,,
38.15,9057.77,91102.84,,
38.16,9063.03,91193.44,,
38.17,9068.28,91284.1,,
38.18,9073.54,91374.81,,
38.19,9078.8,91465.57,,
38.2,9084.06,91556.39,,
38.21,9089.32,91647.25,,
38.22,9094.58,91738.17,,
38.23,9099.84,91829.14,,
38.24,9105.1,91920.17,,
38.25,9110.36,92011.25,,
38.26,9115.62,92102.38,,
38.27,9120.87,92193.56,,
38.28,9126.13,92284.79,,
38.29,9131.39,92376.08,,
38.3,9136.65,92467.42,,
38.31,9141.91,92558.81,,
38.32,9147.17,92650.26,,
38.33,9152.43,92741.76,,
38.34,9157.69,92833.31,,
38.35,9162.95,92924.91,,
38.36,9168.21,93016.57,,
38.37,9173.46,93108.28,,
38.38,9178.72,93200.04,,
38.39,9183.98,93291.85,,
38.4,9189.24,93383.72,,
38.41,9194.5,93475.63,,
38.42,9199.76,93567.61,,
38.43,9205.02,93659.63,,
38.44,9210.28,93751.71,,
38.45,9215.54,93843.84,,
38.46,9220.8,93936.02,,
38.47,9226.05,94028.25,,
38.48,9231.31,94120.54,,
38.49,9236.57,94212.88,,
38.5,9241.83,94305.27,,
38.51,9247.09,94397.71,,
38.52,9252.35,94490.21,,
38.53,9257.61,94582.76,,
38.54,9262.87,94675.36,,
38.55,9268.13,94768.02,,
38.56,9273.39,94860.73,,
38.57,9278.64,94953.49,,
38.58,9283.9,95046.3,,
38.59,9289.16,95139.16,,
38.6,9294.42,95232.08,,
38.61,9299.68,95325.05,,
38.62,9304.94,95418.08,,
38.63,9310.2,95511.15,,
38.64,9315.46,95604.28,,
38.65,9320.72,95697.46,,
38.66,9325.98,95790.69,,
38.67,9331.23,95883.98,,
38.68,9336.49,95977.32,,
38.69,9341.75,96070.71,,
38.7,9347.01,96164.15,,
38.71,9352.27,96257.65,,
38.72,9357.53,96351.2,,
38.73,9362.79,96444.8,,
38.74,9368.05,96538.46,,
38.75,9373.31,96632.16,,
38.76,9378.57,96725.92,,
38.77,9383.82,96819.73,,
38.78,9389.08,96913.6,,
38.79,9394.34,97007.52,,
38.8,9399.6,97101.48,,
38.81,9404.86,97195.51,,
38.82,9410.12,97289.58,,
38.83,9415.38,97383.71,,
38.84,9420.64,97477.89,,
38.85,9425.9,97572.12,,
38.86,9431.16,97666.41,,
38.87,9436.41,97760.75,,
38.88,9441.67,97855.14,,
38.89,9446.93,97949.58,,
38.9,9452.19,98044.07,,
38.91,9457.45,98138.62,,
38.92,9462.71,98233.22,,
38.93,9467.97,98327.88,,
38.94,9473.23,98422.58,,
38.95,9478.49,98517.34,,
38.96,9483.75,98612.15,,
38.97,9489,98707.02,,
38.98,9494.26,98801.93,,
38.99,9499.52,98896.9,,
39,9504.78,98991.92,,
39.01,9510.04,99087,,
39.02,9515.3,99182.12,,
39.03,9520.56,99277.3,,
39.04,9525.82,99372.54,,
39.05,9531.08,99467.82,,
39.06,9536.34,99563.16,,
39.07,9541.59,99658.55,,
39.08,9546.85,99753.99,,
39.09,9552.11,99849.48,,
39.1,9557.37,99945.03,,
39.11,9562.63,100040.63,,
39.12,9567.89,100136.28,,
39.13,9573.15,100231.99,,
39.14,9578.41,100327.75,,
39.15,9583.67,100423.56,,
39.16,9588.93,100519.42,,
39.17,9594.19,100615.34,,
39.18,9599.44,100711.3,,
39.19,9604.7,100807.32,,
39.2,9609.96,100903.4,,
39.21,9615.22,100999.52,,
39.22,9620.48,101095.7,,
39.23,9625.74,101191.93,,
39.24,9631,101288.22,,
39.25,9636.26,101384.55,,
39.26,9641.52,101480.94,,
39.27,9646.78,101577.38,,
39.28,9652.03,101673.88,,
39.29,9657.29,101770.42,,
39.3,9662.55,101867.02,,
39.31,9667.81,101963.68,,
39.32,9673.07,102060.38,,
39.33,9678.33,102157.14,,
39.34,9683.59,102253.95,,
39.35,9688.85,102350.81,,
39.36,9694.11,102447.72,,
39.37,9699.37,102544.69,,
39.38,9704.62,102641.71,,
39.39,9709.88,102738.78,,
39.4,9715.14,102835.91,,
39.41,9720.4,102933.09,,
39.42,9725.66,103030.32,,
39.43,9730.92,103127.6,,
39.44,9736.18,103224.93,,
39.45,9741.44,103322.32,,
39.46,9746.7,103419.76,,
39.47,9751.96,103517.26,,
39.48,9757.21,103614.8,,
39.49,9762.47,103712.4,,
39.5,9767.73,103810.05,,
39.51,9772.99,103907.76,,
39.52,9778.25,104005.51,,
39.53,9783.51,104103.32,,
39.54,9788.77,104201.18,,
39.55,9794.03,104299.1,,
39.56,9799.29,104397.06,,
39.57,9804.55,104495.08,,
39.58,9809.8,104593.15,,
39.59,9815.06,104691.28,,
39.6,9820.32,104789.45,,
39.61,9825.58,104887.68,,
39.62,9830.84,104985.97,,
39.63,9836.1,105084.3,,
39.64,9841.36,105182.69,,
39.65,9846.62,105281.13,,
39.66,9851.88,105379.62,,
39.67,9857.14,105478.17,,
39.68,9862.39,105576.76,,
39.69,9867.65,105675.41,,
39.7,9872.91,105774.12,,
39.71,9878.17,105872.87,,
39.72,9883.43,105971.68,,
39.73,9888.69,106070.54,,
39.74,9893.95,106169.45,,
39.75,9899.21,106268.42,,
39.76,9904.47,106367.44,,
39.77,9909.73,106466.51,,
39.78,9914.98,106565.63,,
39.79,9920.24,106664.81,,
39.8,9925.5,106764.04,,
39.81,9930.76,106863.32,,
39.82,9936.02,106962.65,,
39.83,9941.28,107062.04,,
39.84,9946.54,107161.48,,
39.85,9951.8,107260.97,,
39.86,9957.06,107360.51,,
39.87,9962.32,107460.11,,
39.88,9967.57,107559.76,,
39.89,9972.83,107659.46,,
39.9,9978.09,107759.22,,
39.91,9983.35,107859.02,,
39.92,9988.61,107958.88,,
39.93,9993.87,108058.8,,
39.94,9999.13,108158.76,,
39.95,10004.39,108258.78,,
39.96,10009.65,108358.85,,
39.97,10014.91,108458.97,,
39.98,10020.16,108559.15,,
39.99,10025.42,108659.37,,
40,10030.68,108759.66,,
40.01,10035.94,108859.99,,
40.02,10041.2,108960.37,,
40.03,10046.46,109060.81,,
40.04,10051.72,109161.3,,
40.05,10056.98,109261.85,,
40.06,10062.24,109362.44,,
40.07,10067.5,109463.09,,
40.08,10072.75,109563.79,,
40.09,10078.01,109664.55,,
40.1,10083.27,109765.35,,
40.11,10088.53,109866.21,,
40.12,10093.79,109967.12,,
40.13,10099.05,110068.09,,
40.14,10104.31,110169.1,,
40.15,10109.57,110270.17,,
40.16,10114.83,110371.3,,
40.17,10120.09,110472.47,,
40.18,10125.35,110573.7,,
40.19,10130.6,110674.98,,
40.2,10135.86,110776.31,,
40.21,10141.12,110877.69,,
40.22,10146.38,110979.13,,
40.23,10151.64,111080.62,,
40.24,10156.9,111182.17,,
40.25,10162.16,111283.76,,
40.26,10167.42,111385.41,,
40.27,10172.68,111487.11,,
40.28,10177.94,111588.86,,
40.29,10183.19,111690.67,,
40.3,10188.45,111792.53,,
40.31,10193.71,111894.44,,
40.32,10198.97,111996.4,,
40.33,10204.23,112098.42,,
40.34,10209.49,112200.48,,
40.35,10214.75,112302.61,,
40.36,10220.01,112404.78,,
40.37,10225.27,112507.01,,
40.38,10230.53,112609.29,,
40.39,10235.78,112711.62,,
40.4,10241.04,112814,,
40.41,10246.3,112916.44,,
40.42,10251.56,113018.93,,
40.43,10256.82,113121.47,,
40.44,10262.08,113224.06,,
40.45,10267.34,113326.71,,
40.46,10272.6,113429.41,,
40.47,10277.86,113532.16,,
40.48,10283.12,113634.97,,
40.49,10288.37,113737.82,,
40.5,10293.63,113840.73,,
40.51,10298.89,113943.7,,
40.52,10304.15,114046.71,,
40.53,10309.41,114149.78,,
40.54,10314.67,114252.9,,
40.55,10319.93,114356.07,,
40.56,10325.19,114459.3,,
40.57,10330.45,114562.58,,
40.58,10335.71,114665.91,,
40.59,10340.96,114769.29,,
40.6,10346.22,114872.73,,
40.61,10351.48,114976.22,,
40.62,10356.74,115079.76,,
40.63,10362,115183.35,,
40.64,10367.26,115287,,
40.65,10372.52,115390.7,,
40.66,10377.78,115494.45,,
40.67,10383.04,115598.25,,
40.68,10388.3,115702.11,,
40.69,10393.55,115806.02,,
40.7,10398.81,115909.98,,
40.71,10404.07,116013.99,,
40.72,10409.33,116118.06,,
40.73,10414.59,116222.18,,
40.74,10419.85,116326.35,,
40.75,10425.11,116430.58,,
40.76,10430.37,116534.85,,
40.77,10435.63,116639.18,,
40.78,10440.89,116743.57,,
40.79,10446.14,116848,,
40.8,10451.4,116952.49,,
40.81,10456.66,117057.03,,
40.82,10461.92,117161.62,,
40.83,10467.18,117266.27,,
40.84,10472.44,117370.97,,
40.85,10477.7,117475.72,,
40.86,10482.96,117580.52,,
40.87,10488.22,117685.38,,
40.88,10493.48,117790.29,,
40.89,10498.73,117895.25,,
40.9,10503.99,118000.26,,
40.91,10509.25,118105.33,,
40.92,10514.51,118210.44,,
40.93,10519.77,118315.62,,
40.94,10525.03,118420.84,,
40.95,10530.29,118526.12,,
40.96,10535.55,118631.45,,
40.97,10540.81,118736.83,,
40.98,10546.07,118842.26,,
40.99,10551.32,118947.75,,
41,10556.58,119053.29,,
41.01,10561.84,119158.88,,
41.02,10567.1,119264.53,,
41.03,10572.36,119370.22,,
41.04,10577.62,119475.97,,
41.05,10582.88,119581.78,,
41.06,10588.14,119687.63,,
41.07,10593.4,119793.54,,
41.08,10598.66,119899.5,,
41.09,10603.91,120005.51,,
41.1,10609.17,120111.58,,
41.11,10614.43,120217.69,,
41.12,10619.69,120323.87,,
41.13,10624.95,120430.09,,
41.14,10630.21,120536.36,,
41.15,10635.47,120642.69,,
41.16,10640.73,120749.07,,
41.17,10645.99,120855.51,,
41.18,10651.25,120961.99,,
41.19,10656.5,121068.53,,
41.2,10661.76,121175.12,,
41.21,10667.02,121281.77,,
41.22,10672.28,121388.46,,
41.23,10677.54,121495.21,,
41.24,10682.8,121602.01,,
41.25,10688.06,121708.87,,
41.26,10693.32,121815.78,,
41.27,10698.58,121922.74,,
41.28,10703.84,122029.75,,
41.29,10709.1,122136.81,,
41.3,10714.35,122243.93,,
41.31,10719.61,122351.1,,
41.32,10724.87,122458.32,,
41.33,10730.13,122565.6,,
41.34,10735.39,122672.92,,
41.35,10740.65,122780.3,,
41.36,10745.91,122887.74,,
41.37,10751.17,122995.22,,
41.38,10756.43,123102.76,,
41.39,10761.69,123210.35,,
41.4,10766.94,123317.99,,
41.41,10772.2,123425.69,,
41.42,10777.46,123533.44,,
41.43,10782.72,123641.24,,
41.44,10787.98,123749.09,,
41.45,10793.24,123857,,
41.46,10798.5,123964.96,,
41.47,10803.76,124072.97,,
41.48,10809.02,124181.03,,
41.49,10814.28,124289.15,,
41.5,10819.53,124397.32,,
41.51,10824.79,124505.54,,
41.52,10830.05,124613.81,,
41.53,10835.31,124722.14,,
41.54,10840.57,124830.52,,
41.55,10845.83,124938.95,,
41.56,10851.09,125047.44,,
41.57,10856.35,125155.97,,
41.58,10861.61,125264.56,,
41.59,10866.87,125373.21,,
41.6,10872.12,125481.9,,
41.61,10877.38,125590.65,,
41.62,10882.64,125699.45,,
41.63,10887.9,125808.3,,
41.64,10893.16,125917.21,,
41.65,10898.42,126026.16,,
41.66,10903.68,126135.18,,
41.67,10908.94,126244.24,,
41.68,10914.2,126353.35,,
41.69,10919.46,126462.52,,
41.7,10924.71,126571.74,,
41.71,10929.97,126681.02,,
41.72,10935.23,126790.34,,
41.73,10940.49,126899.72,,
41.74,10945.75,127009.15,,
41.75,10951.01,127118.64,,
41.76,10956.27,127228.17,,
41.77,10961.53,127337.76,,
41.78,10966.79,127447.4,,
41.79,10972.05,127557.1,,
41.8,10977.3,127666.84,,
41.81,10982.56,127776.64,,
41.82,10987.82,127886.5,,
41.83,10993.08,127996.4,,
41.84,10998.34,128106.36,,
41.85,11003.6,128216.37,,
41.86,11008.86,128326.43,,
41.87,11014.12,128436.54,,
41.88,11019.38,128546.71,,
41.89,11024.64,128656.93,,
41.9,11029.89,128767.2,,
41.91,11035.15,128877.53,,
41.92,11040.41,128987.91,,
41.93,11045.67,129098.34,,
41.94,11050.93,129208.82,,
41.95,11056.19,129319.36,,
41.96,11061.45,129429.94,,
41.97,11066.71,129540.59,,
41.98,11071.97,129651.28,,
41.99,11077.23,129762.02,,
42,11082.48,129872.82,,
42.01,11087.74,129983.67,,
42.02,11093,130094.58,,
42.03,11098.26,130205.53,,
42.04,11103.52,130316.54,,
42.05,11108.78,130427.6,,
42.06,11114.04,130538.72,,
42.07,11119.3,130649.89,,
42.08,11124.56,130761.1,,
42.09,11129.82,130872.38,,
42.1,11135.07,130983.7,,
42.11,11140.33,131095.08,,
42.12,11145.59,131206.51,,
42.13,11150.85,131317.99,,
42.14,11156.11,131429.52,,
42.15,11161.37,131541.11,,
42.16,11166.63,131652.75,,
42.17,11171.89,131764.44,,
42.18,11177.15,131876.19,,
42.19,11182.41,131987.99,,
42.2,11187.66,132099.84,,
42.21,11192.92,132211.74,,
42.22,11198.18,132323.7,,
42.23,11203.44,132435.7,,
42.24,11208.7,132547.77,,
42.25,11213.96,132659.88,,
42.26,11219.22,132772.04,,
42.27,11224.48,132884.26,,
42.28,11229.74,132996.53,,
42.29,11235,133108.86,,
42.3,11240.26,133221.23,,
42.31,11245.51,133333.66,,
42.32,11250.77,133446.14,,
42.33,11256.03,133558.68,,
42.34,11261.29,133671.26,,
42.35,11266.55,133783.9,,
42.36,11271.81,133896.6,,
42.37,11277.07,134009.34,,
42.38,11282.33,134122.14,,
42.48,,135253,,
42.58,,136389.12,,
42.68,,137530.5,,
42.78,,138677.14,,
42.88,,139829.04,,
42.98,,140986.2,,
43.08,,142148.62,,
43.18,,143316.29,,
43.28,,144489.23,,
43.38,,145667.42,,
43.48,,146850.88,,
43.58,,148039.59,,
43.68,,149233.56,,
43.78,,150432.79,,
43.88,,151637.28,,
43.98,,152847.03,,
44.08,,154062.04,,
44.18,,155282.31,,
44.28,,156507.83,,
44.38,,157738.62,,
44.48,,158974.66,,
44.58,,160215.97,,
44.68,,161462.53,,
44.78,,162714.35,,
44.88,,163971.44,,
44.98,,165233.78,,
45.08,,166501.38,,
45.18,,167774.23,,
45.28,,169052.35,,
45.38,,170335.73,,
45.48,,171624.37,,
45.58,,172918.26,,
45.68,,174217.42,,
45.78,,175521.83,,
45.88,,176831.5,,
45.98,,178146.43,,
46.08,,179466.63,,
46.18,,180792.08,,
46.28,,182122.78,,
46.38,,183458.75,,
46.48,,184799.98,,
46.58,,186146.47,,
46.68,,187498.21,,
46.78,,188855.22,,
46.88,,190217.48,,
46.98,,191585.01,,
47.08,,192957.79,,
47.18,,194335.83,,
47.28,,195719.13,,
47.38,,197107.69,,
47.48,,198501.51,,
47.58,,199900.59,,
47.68,,201304.92,,
47.78,,202714.52,,
47.88,,204129.38,,
47.98,,205549.49,,
48.08,,206974.86,,
48.18,,208405.5,,
48.28,,209841.39,,
48.38,,211282.54,,
48.48,,212728.95,,
48.58,,214180.62,,
48.68,,215637.55,,
48.78,,217099.74,,
48.88,,218567.18,,
48.98,,220039.89,,
49.08,,221517.85,,
49.18,,223001.08,,
49.28,,224489.56,,
49.38,,225983.3,,
49.48,,227482.3,,
49.58,,228986.56,,
49.68,,230496.08,,
49.78,,232010.86,,
49.88,,233530.9,,
49.98,,235056.2,,
50.08,,236586.75,,
50.18,,238122.57,,
50.28,,239663.64,,
50.38,,241209.98,,
50.48,,242761.57,,
50.58,,244318.42,,
50.68,,245880.53,,
50.78,,247447.9,,
50.88,,249020.53,,
50.98,,250598.42,,
51.08,,252181.57,,
51.18,,253769.98,,
51.28,,255363.64,,
51.38,,256962.57,,
51.48,,258566.75,,
51.58,,260176.19,,
51.68,,261790.9,,
51.78,,263410.86,,
51.88,,265036.08,,
51.98,,266666.56,,
52.08,,268302.3,,
52.18,,269943.3,,
52.28,,271589.55,,
52.38,,273241.07,,
52.48,,274897.85,,
52.58,,276559.88,,
52.68,,278227.17,,
52.78,,279899.73,,
52.88,,281577.54,,
52.98,,283260.61,,
53.08,,284948.94,,
53.18,,286642.53,,